<?xml version="1.0" encoding="UTF-8"?>
<addon
  id="xsknstbx"
  version="18.0.3.31"
  name=""
  provider-name="">
	<requires>
		<import addon="xbmc.gui" version="5.14.0"/>
		<import addon="resource.images.studios.white" version="0.0.9"/>
		<import addon="script.skinshortcuts" version="1.0.20" />
		<import addon="service.library.data.provider" version="0.0.7" />
		<import addon="script.grab.fanart" version="0.12.8" />
		<import addon="resource.images.recordlabels.white" version="0.0.1" />
		<import addon="script.skin.helper.colorpicker" version="1.0.11" />
		<import addon="script.check.theme" version="0.0.1" />
		<import addon="plugin.video.vavooto"/>
		<import addon="script.extendedinfo" version="5.6.0"/>
	</requires>
	<extension
	  point="xbmc.gui.skin"
	  debugging="false"
	  effectslowdown="0.09">
		<res width="1920" height="1080" aspect="16:9" default="true" folder="1080i" />
	</extension>
	<extension point="xbmc.addon.metadata">
		<summary lang="de_DE"></summary>
		<platform>all</platform>
		<license></license>
		<forum></forum>
		<website></website>
		<email></email>
		<source></source>
		<assets>
			<icon>resources/icon.png</icon>
		</assets>
	</extension>
</addon>
