<?xml version="1.0" encoding="UTF-8"?>
<window id="1170" type="dialog">
	<defaultcontrol always="true">9000</defaultcontrol>
	<controls>
		<include>GlobalFanart</include>
		<include>TestGrid</include>
		<include>SnowBackground</include>
		<include>HeartBackground</include>
		<include>Topbar</include>
		<control type="group">
			<include>WindowSettingsFadeAnimation</include>
			<top>64</top>
			<control type="image">
				<top>334</top>
				<width>100%</width>
				<height>820</height>
				<texture colordiffuse="$VAR[ThemeLabelColor]">floor.png</texture>
			</control>
			<control type="image">
				<left>762</left>
				<top>894</top>
				<width>400</width>
				<height>130</height>
				<texture fallback="barroni-nox-logo.png">$INFO[Skin.String(Aeon_Nox_Logo)]</texture>
			</control>
			<include>SystemPanel</include>
			<control type="group">
				<visible>!Window.IsActive(script-skinshortcuts.xml)</visible>
				<control type="list" id="9000">
					<left>81</left>
					<top>32</top>
					<width>356</width>
					<height>810</height>
					<onleft>SetProperty(MediaMenu,True,Home)</onleft>
					<onleft>SetFocus(9050)</onleft>
					<onright>9010</onright>
					<onup>9000</onup>
					<ondown>9000</ondown>
					<pagecontrol />
					<scrolltime tween="quadratic" easing="out">200</scrolltime>
					<visible>!Window.IsActive(1140) + !Window.IsActive(1117)</visible>
					<include>SettingsFadeAnimation</include>
					<itemlayout height="81" width="356">
						<control type="label">
							<width>356</width>
							<height>81</height>
							<font>font15</font>
							<textoffsetx>20</textoffsetx>
							<textcolor>grey</textcolor>
							<label>$INFO[ListItem.Label]</label>
						</control>
					</itemlayout>
					<focusedlayout height="81" width="356">
						<control type="image">
							<width>356</width>
							<height>81</height>
							<texture colordiffuse="$VAR[HighlightBarColor]" border="4">listselect_fo.png</texture>
							<animation effect="fade" start="100" end="40" time="300" tween="sine" easing="inout" condition="!Control.HasFocus(9000)">Conditional</animation>
						</control>
						<control type="label">
							<width>356</width>
							<height>81</height>
							<font>font15</font>
							<textoffsetx>20</textoffsetx>
							<label>$INFO[ListItem.Label]</label>
						</control>
					</focusedlayout>
					
<!--Main menu content-->					
					
					<content>
						<item id="1">
							<label>Home</label>
							<icon />
							<visible>String.IsEmpty(Skin.String(MainMenu.Layout)) | String.IsEqual(Skin.String(MainMenu.Layout),vertical)</visible>
						</item>
						<item id="2">
							<label>Settings</label>
							<icon />
						</item>
						<item id="3">
							<label>Weather</label>
							<icon />
						</item>
					</content>
				</control>
				<control type="group" id="9010">
					<include>SettingsFadeAnimation</include>
					
<!-- Icon settings (home menu) my mods -->					
					
					<control type="grouplist" id="9001">
						<left>437</left>
						<top>32</top>
						<width>1401</width>
						<height>810</height>
						<pagecontrol>60</pagecontrol>
						<onleft>9000</onleft>
						<onright>60</onright>
						<onup>9012</onup>
						<ondown>9012</ondown>
						<visible>Container(9000).HasFocus(1)</visible>
						<control type="label">
							<textcolor>$VAR[ThemeHomeLabelColor]</textcolor>
							<include>SettingsButtonCommonValues</include>
							<label>Home: Icon Frame Options</label>
						</control>
						<control type="image" id="1100">
							<width>1401</width>
							<height>1</height>
							<texture colordiffuse="$VAR[ThemeLabelColor]">new_pvr/osd_line_white.png</texture>
						</control>
						<control type="button" id="1101">
							<include>SettingsButtonCommonValues</include>
							<label>Set icon frame (local images)</label>
							<onclick>Skin.SetImage(CustomIconFrame.path)</onclick>
							<visible>!Skin.HasSetting(disable.icon.frames.home)</visible>
						</control>
						<control type="button" id="1102">
							<include>SettingsButtonCommonValues</include>
							<label>Set icon frame (server images)</label>
							<onclick>Skin.SetImage(CustomIconFrame.path,http://kodicustombuilds.com/icon_frames/)</onclick>
							<visible>!Skin.HasSetting(disable.icon.frames.home)</visible>
						</control>
						<control type="button" id="11103">
							<include>SettingsButtonCommonValues</include>
							<label>Set icon frame (url or file path)</label>
							<onclick>Skin.SetString(CustomIconFrame.path)</onclick>
							<visible>!Skin.HasSetting(disable.icon.frames.home)</visible>
						</control>
						<control type="button" id="1104">
							<include>SettingsButtonCommonValues</include>
							<label>Current icon frame path-</label>
							<label2>[COLOR $VAR[ThemeLabelColor]]$INFO[Skin.String(CustomIconFrame.path)][/COLOR]</label2>
							<visible>!Skin.HasSetting(disable.icon.frames.home)</visible>
							<visible>!String.IsEmpty(Skin.String(CustomIconFrame.path))</visible>
						</control>
						<control type="button" id="1105">
							<include>SettingsButtonCommonValues</include>
							<label>Current icon frame path- </label>
							<label2>[COLOR $VAR[ThemeLabelColor]]$LOCALIZE[571][/COLOR]</label2>
							<visible>!Skin.HasSetting(disable.icon.frames.home)</visible>
							<visible>String.IsEmpty(Skin.String(CustomIconFrame.path))</visible>
						</control>
						<control type="radiobutton" id="1106">
							<include>SettingsButtonCommonValues</include>
							<label>Disable icon frames</label>
							<onclick>Skin.ToggleSetting(disable.icon.frames.home)</onclick>
							<selected>Skin.HasSetting(disable.icon.frames.home)</selected>
						</control>
						<control type="button" id="1107">
							<include>SettingsButtonCommonValues</include>
							<label>Reset icon frame to default</label>
							<onclick>Skin.Reset(CustomIconFrame.path)</onclick>
							<onclick>Skin.Reset(disable.icon.frames.home)</onclick>
						</control>
						<control type="image" id="1108">
							<width>1401</width>
							<height>1</height>
							<texture colordiffuse="$VAR[ThemeLabelColor]">new_pvr/osd_line_white.png</texture>
						</control>
						
<!--Icon back panel options (home menu)-->						
						
						<control type="label" id="1119">
							<include>SettingsButtonCommonValues</include>
							<label>Home: Icon Back Panel Options</label>
							<textcolor>$VAR[ThemeHomeLabelColor]</textcolor>
						</control>
						<control type="image" id="1109">
							<width>1401</width>
							<height>1</height>
							<texture colordiffuse="$VAR[ThemeLabelColor]">new_pvr/osd_line_white.png</texture>
						</control>
						<control type="button" id="1110">
							<include>SettingsButtonCommonValues</include>
							<label>Set icon back panel (local images)</label>
							<onclick>Skin.SetImage(Icon.Back.Home)</onclick>
							<visible>!Skin.HasSetting(Disable.Icon.Back.Home)</visible>
						</control>
						<control type="button" id="1111">
							<include>SettingsButtonCommonValues</include>
							<label>Set icon back panel (server images)</label>
							<onclick>Skin.SetImage(Icon.Back.Home,http://kodicustombuilds.com/icon_back_panels/)</onclick>
							<visible>!Skin.HasSetting(Disable.Icon.Back.Home)</visible>
						</control>
						<control type="button" id="1112">
							<include>SettingsButtonCommonValues</include>
							<label>Set icon back panel (url or file path)</label>
							<onclick>Skin.SetString(Icon.Back.Home)</onclick>
							<visible>!Skin.HasSetting(Disable.Icon.Back.Home)</visible>
						</control>
						<control type="button" id="1113">
							<include>SettingsButtonCommonValues</include>
							<label>Current icon back panel path-</label>
							<label2>[COLOR $VAR[ThemeLabelColor]]$INFO[Skin.String(Icon.Back.Home)][/COLOR]</label2>
							<visible>!Skin.HasSetting(Disable.Icon.Back.Home)</visible>
							<visible>!String.IsEmpty(Skin.String(Icon.Back.Home))</visible>
						</control>
						<control type="button" id="1114">
							<include>SettingsButtonCommonValues</include>
							<label>Current icon back panel path- </label>
							<label2>[COLOR $VAR[ThemeLabelColor]]$LOCALIZE[571][/COLOR]</label2>
							<visible>!Skin.HasSetting(Disable.Icon.Back.Home)</visible>
							<visible>String.IsEmpty(Skin.String(Icon.Back.Home))</visible>
						</control>
						<control type="radiobutton" id="1115">
							<include>SettingsButtonCommonValues</include>
							<label>Disable icon back panel</label>
							<onclick>Skin.ToggleSetting(Disable.Icon.Back.Home)</onclick>
							<selected>Skin.HasSetting(Disable.Icon.Back.Home)</selected>
						</control>
						<control type="button" id="1118">
							<include>SettingsButtonCommonValues</include>
							<label>Reset icon back panel to default</label>
							<onclick>Skin.Reset(Icon.Back.Home)</onclick>
							<onclick>Skin.Reset(Disable.Icon.Back.Home)</onclick>
						</control>
						<control type="image" id="1120">
							<width>1401</width>
							<height>1</height>
							<texture colordiffuse="$VAR[ThemeLabelColor]">new_pvr/osd_line_white.png</texture>
						</control>	

<!--Main menu icon options.Possible update-->
						
<!-- 						<control type="label" id="1162">
							<include>SettingsButtonCommonValues</include>
							<label>Home Main Menu Icon Options</label>
							<textcolor>$VAR[ThemeHomeLabelColor]</textcolor>
						</control>
						<control type="image" id="1163">
							<width>1401</width>
							<height>1</height>
							<texture colordiffuse="$VAR[ThemeLabelColor]">new_pvr/osd_line_white.png</texture>
						</control>
						<control type="radiobutton" id="1164">
							<include>SettingsButtonCommonValues</include>
							<label>Disable main menu icon</label>
							<onclick>Skin.ToggleSetting(Disable.Main.Menu.Icon)</onclick>
							<selected>Skin.HasSetting(Disable.Main.Menu.Icon)</selected>
						</control>
						<control type="image" id="1165">
							<width>1401</width>
							<height>1</height>
							<texture colordiffuse="$VAR[ThemeLabelColor]">new_pvr/osd_line_white.png</texture>
						</control> -->
						
<!--Home label options-->						
						
						<control type="label" id="1121">
							<include>SettingsButtonCommonValues</include>
							<label>Home: Label Options</label>
							<textcolor>$VAR[ThemeHomeLabelColor]</textcolor>
						</control>
						<control type="image" id="1123">
							<width>1401</width>
							<height>1</height>
							<texture colordiffuse="$VAR[ThemeLabelColor]">new_pvr/osd_line_white.png</texture>
						</control>
						<control type="radiobutton" id="1116">
							<include>SettingsButtonCommonValues</include>
							<label>$LOCALIZE[31263]</label>
							<onclick>Skin.ToggleSetting(Disable.IconsMenuLabel)</onclick>
							<selected>Skin.HasSetting(Disable.IconsMenuLabel)</selected>
						</control>
						<control type="image" id="1124">
							<width>1401</width>
							<height>1</height>
							<texture colordiffuse="$VAR[ThemeLabelColor]">new_pvr/osd_line_white.png</texture>
						</control>
						<control type="label" id="1125">
							<include>SettingsButtonCommonValues</include>
							<label>Home: Miscellaneous Options</label>
							<textcolor>$VAR[ThemeHomeLabelColor]</textcolor>
						</control>
						<control type="image" id="1126">
							<width>1401</width>
							<height>1</height>
							<texture colordiffuse="$VAR[ThemeLabelColor]">new_pvr/osd_line_white.png</texture>
						</control>
						
<!--Icon overlay options-->					
						
						<control type="radiobutton" id="1117">
							<include>SettingsButtonCommonValues</include>
							<label>$LOCALIZE[31995]</label>
							<onclick>Skin.ToggleSetting(Disable.Black.Overlay.Main.Menu.Icons)</onclick>
							<selected>Skin.HasSetting(Disable.Black.Overlay.Main.Menu.Icons)</selected>
						</control>
						
<!--Reset all-->					
						
						<control type="button" id="1152">
							<include>SettingsButtonCommonValues</include>
							<label>Reset all of the above to default</label>
							<onclick>Skin.Reset(CustomIconFrame.path)</onclick>
							<onclick>Skin.Reset(Disable.Black.Overlay.Main.Menu.Icons)</onclick>
							<onclick>Skin.Reset(disable.icon.frames.home)</onclick>
							<onclick>Skin.Reset(Disable.IconsMenuLabel)</onclick>
							<onclick>Skin.Reset(Disable.Icon.Back.Home)</onclick>
							<onclick>Skin.Reset(Icon.Back.Home)</onclick>
							<onclick>Skin.Reset(Disable.Main.Menu.Icon)</onclick>
						</control>
					</control>

<!-- Icon settings (settings menu) my mods -->

					<control type="grouplist" id="9002">
						<left>437</left>
						<top>32</top>
						<width>1401</width>
						<height>810</height>
						<pagecontrol>60</pagecontrol>
						<onleft>9000</onleft>
						<onright>60</onright>
						<onup>9012</onup>
						<ondown>9012</ondown>
						<visible>Container(9000).HasFocus(2)</visible>
						<control type="label" id="1127">
							<include>SettingsButtonCommonValues</include>
							<label>Settings: Icon Frame Options</label>
							<textcolor>$VAR[ThemeHomeLabelColor]</textcolor>
						</control>
						<control type="image" id="1128">
							<width>1401</width>
							<height>1</height>
							<texture colordiffuse="$VAR[ThemeLabelColor]">new_pvr/osd_line_white.png</texture>
						</control>
						<control type="button" id="1129">
							<include>SettingsButtonCommonValues</include>
							<label>Set icon frame (local images)</label>
							<onclick>Skin.SetImage(CustomIconFrameSettings.path)</onclick>
							<visible>!Skin.HasSetting(disable.icon.frames.settings)</visible>
						</control>
						<control type="button" id="1130">
							<include>SettingsButtonCommonValues</include>
							<label>Set icon frame (server images)</label>
							<onclick>Skin.SetImage(CustomIconFrameSettings.path,http://kodicustombuilds.com/icon_frames/)</onclick>
							<visible>!Skin.HasSetting(disable.icon.frames.settings)</visible>
						</control>
						<control type="button" id="1131">
							<include>SettingsButtonCommonValues</include>
							<label>Set icon frame (url or file path)</label>
							<onclick>Skin.SetString(CustomIconFrameSettings.path)</onclick>
							<visible>!Skin.HasSetting(disable.icon.frames.settings)</visible>
						</control>
						<control type="button" id="1132">
							<include>SettingsButtonCommonValues</include>
							<label>Current icon frame path-</label>
							<label2>[COLOR $VAR[ThemeLabelColor]]$INFO[Skin.String(CustomIconFrameSettings.path)][/COLOR]</label2>
							<visible>!String.IsEmpty(Skin.String(CustomIconFrameSettings.path))</visible>
							<visible>!Skin.HasSetting(disable.icon.frames.settings)</visible>
							<onclick>noop</onclick>
						</control>
						<control type="button" id="1133">
							<include>SettingsButtonCommonValues</include>
							<label>Current icon frame path- </label>
							<label2>[COLOR $VAR[ThemeLabelColor]]$LOCALIZE[571][/COLOR]</label2>
							<visible>String.IsEmpty(Skin.String(CustomIconFrameSettings.path))</visible>
							<visible>!Skin.HasSetting(disable.icon.frames.settings)</visible>
							<onclick>noop</onclick>
						</control>
<!-- 						<control type="radiobutton" id="1134">
							<include>SettingsButtonCommonValues</include>
							<label>$LOCALIZE[31263]</label>
							<onclick>Skin.ToggleSetting(Disable.IconsMenuLabel)</onclick>
							<selected>Skin.HasSetting(Disable.IconsMenuLabel)</selected>
						</control> -->
						<control type="radiobutton" id="1136">
							<include>SettingsButtonCommonValues</include>
							<label>Disable icon frames</label>
							<onclick>Skin.ToggleSetting(disable.icon.frames.settings)</onclick>
							<selected>Skin.HasSetting(disable.icon.frames.settings)</selected>
						</control>
						<control type="button" id="1137">
							<include>SettingsButtonCommonValues</include>
							<label>Reset icon frame to default</label>
							<onclick>Skin.Reset(CustomIconFrameSettings.path)</onclick>
							<onclick>Skin.Reset(Disable.Icon.Back.Settings)</onclick>
							<visible>String.IsEmpty(CustomIconFrame.path)</visible>
						</control>
						<control type="image" id="1138">
							<width>1401</width>
							<height>1</height>
							<texture colordiffuse="$VAR[ThemeLabelColor]">new_pvr/osd_line_white.png</texture>
						</control>
						
<!--Icon back panel options (settings menu)-->					
						
						<control type="label" id="1139">
							<include>SettingsButtonCommonValues</include>
							<label>Settings: Icon Back Panel Options</label>
							<textcolor>$VAR[ThemeHomeLabelColor]</textcolor>
						</control>
						<control type="image" id="1140">
							<width>1401</width>
							<height>1</height>
							<texture colordiffuse="$VAR[ThemeLabelColor]">new_pvr/osd_line_white.png</texture>
						</control>
						<control type="button" id="1141">
							<include>SettingsButtonCommonValues</include>
							<label>Set icon back panel (local images)</label>
							<onclick>Skin.SetImage(Icon.Back.Settings)</onclick>
							<visible>!Skin.HasSetting(Disable.Icon.Back.Settings)</visible>
						</control>
						<control type="button" id="1142">
							<include>SettingsButtonCommonValues</include>
							<label>Set icon back panel (server images)</label>
							<onclick>Skin.SetImage(Icon.Back.Settings,http://kodicustombuilds.com/icon_back_panels/)</onclick>
							<visible>!Skin.HasSetting(Disable.Icon.Back.Settings)</visible>
						</control>
						<control type="button" id="1143">
							<include>SettingsButtonCommonValues</include>
							<label>Set icon back panel (url or file path)</label>
							<onclick>Skin.SetString(Icon.Back.Settings)</onclick>
							<visible>!Skin.HasSetting(Disable.Icon.Back.Settings)</visible>
						</control>
						<control type="button" id="1144">
							<include>SettingsButtonCommonValues</include>
							<label>Current icon back panel path-</label>
							<label2>[COLOR $VAR[ThemeLabelColor]]$INFO[Skin.String(Icon.Back.Settings)][/COLOR]</label2>
							<visible>!Skin.HasSetting(Disable.Icon.Back.Settings)</visible>
							<visible>!String.IsEmpty(Skin.String(Icon.Back.Settings))</visible>
						</control>
						<control type="button" id="1145">
							<include>SettingsButtonCommonValues</include>
							<label>Current icon back panel path- </label>
							<label2>[COLOR $VAR[ThemeLabelColor]]$LOCALIZE[571][/COLOR]</label2>
							<visible>!Skin.HasSetting(Disable.Icon.Back.Settings)</visible>
							<visible>String.IsEmpty(Skin.String(Icon.Back.Settings))</visible>
						</control>
						<control type="radiobutton" id="1146">
							<include>SettingsButtonCommonValues</include>
							<label>Disable icon back panel</label>
							<onclick>Skin.ToggleSetting(Disable.Icon.Back.Settings)</onclick>
							<selected>Skin.HasSetting(Disable.Icon.Back.Settings)</selected>
						</control>
						<control type="button" id="1147">
							<include>SettingsButtonCommonValues</include>
							<label>Reset icon back panel to default</label>
							<onclick>Skin.Reset(Disable.Icon.Back.Settings)</onclick>
							<onclick>Skin.Reset(Icon.Back.Settings)</onclick>
						</control>
					</control>
					
<!--Waether options-->				
					
					<control type="grouplist" id="9003">
						<left>437</left>
						<top>32</top>
						<width>1401</width>
						<height>810</height>
						<pagecontrol>60</pagecontrol>
						<onleft>9000</onleft>
						<onright>60</onright>
						<onup>9012</onup>
						<ondown>9012</ondown>
						<visible>Container(9000).HasFocus(3)</visible>
						<control type="label" id="1149">
							<include>SettingsButtonCommonValues</include>
							<label>Weather Icon Options</label>
							<textcolor>$VAR[ThemeHomeLabelColor]</textcolor>
						</control>
						<control type="image" id="1150">
							<width>1401</width>
							<height>1</height>
							<texture colordiffuse="$VAR[ThemeLabelColor]">new_pvr/osd_line_white.png</texture>
						</control>
						<control type="button" id="1151">
							<include>SettingsButtonCommonValues</include>
							<label>$LOCALIZE[31471]</label>
							<onclick condition="!System.HasAddon(script.image.resource.select)">InstallAddon(script.image.resource.select)</onclick>
							<onclick condition="System.HasAddon(script.image.resource.select)">RunScript(script.image.resource.select,property=weathericons&amp;type=resource.images.weathericons)</onclick>
						</control>
					</control>
				</control>
				
<!--Removed textbox for now-->
				
<!-- 				<control type="textbox">
					<include>SettingsTextboxValues</include>
					<label>$VAR[SkinSettingsDescriptionVar]</label>
					<autoscroll time="3000" delay="4000" repeat="5000">true</autoscroll>
					<animation effect="fade" start="0" end="100" time="300" tween="sine" easing="inout">Visible</animation>
					<animation effect="fade" start="100" end="0" time="0" tween="sine" easing="inout">Hidden</animation>
					<visible>ControlGroup(9010).HasFocus() + !Window.IsActive(1140) + !Window.IsActive(1117)</visible>
				</control> -->
			</control>
		</control>
		<control type="group">
			<left>-440</left>
			<include>SideBladeLeft</include>
			<control type="grouplist" id="9050">
				<include>NoMediaMenu</include>
			</control>
			<include>MediaMenuPlayerControls</include>
		</control>
	</controls>
</window>