<?xml version="1.0" encoding="UTF-8"?>
<window id="1169" type="dialog">
	<defaultcontrol always="true">901003</defaultcontrol>
	<controls>
		<control type="group">
			<include condition="!Skin.HasSetting(Animated.Dialog) + String.IsEmpty(Window(Home).Property(AddonNews))">DialogOpenCloseAnimation</include>
			<include condition="Skin.HasSetting(Animated.Dialog) + String.IsEmpty(Window(Home).Property(AddonNews))">DialogOpenCloseAnimationAnimated</include>
			<animation effect="fade" time="100" delay="200" condition="!String.IsEmpty(Window(Home).Property(AddonNews))">WindowOpen</animation>
			<animation effect="fade" time="50" condition="!String.IsEmpty(Window(Home).Property(AddonNews))">WindowClose</animation>
			<left>270</left>
			<top>278</top>
			<control type="image">
				<width>1380</width>
				<height>604</height>
				<texture border="40" fallback="listpanel_back.png">$INFO[Skin.String(List.Panel.Back)]</texture>
			</control>
			<control type="label">
				<left>62</left>
				<top>50</top>
				<width>1256</width>
				<height>40</height>
				<font>font30_title</font>
				<align>center</align>
				<textcolor>red</textcolor>
				<label>Please Install Your Wizard</label>
			</control>
			<control type="label">
				<left>62</left>
				<top>160</top>
				<width>1256</width>
				<height>40</height>
				<font>font16</font>
				<align>center</align>
				<textcolor>white</textcolor>
				<label>Then go to-</label>
			</control>
			<control type="label">
				<left>62</left>
				<top>260</top>
				<width>1256</width>
				<height>40</height>
				<font>font16</font>
				<align>center</align>
				<textcolor>white</textcolor>
				<label>System, Skin Settings, Main Menu, Setup the Aeon Nox main menu.</label>
			</control>
			<control type="label">
				<left>62</left>
				<top>360</top>
				<width>1256</width>
				<height>40</height>
				<font>font16</font>
				<align>center</align>
				<textcolor>white</textcolor>
				<label>Wizard, change action. Then navigate to your Wizard.</label>
			</control>
			<control type="button" id="8999">
				<left>1240</left>
				<top>30</top>
				<width>100</width>
				<height>100</height>
				<onleft>8999</onleft>
				<onright>8999</onright>
				<onup>8999</onup>
				<ondown>901003</ondown>
				<focusedcolor>$VAR[ThemeLabelColor]</focusedcolor>
				<onclick>Dialog.Close(1169)</onclick>
				<texturefocus>close_button_nofocus.png</texturefocus>
				<texturenofocus>close_button_focus.png</texturenofocus>
				<visible>system.getbool(input.enablemouse)</visible>
			</control>
			<control type="button" id="901003">
				<description>OK button</description>
				<left>540</left>
				<top>490</top>
				<width>300</width>
				<label>$LOCALIZE[186]</label>
				<font>font15_title</font>
				<textcolor>grey2</textcolor>
				<focusedcolor>white</focusedcolor>
				<align>center</align>
				<onleft>noop</onleft>
				<onright>noop</onright>
				<onup>8999</onup>
				<ondown>noop</ondown>
				<onclick>Dialog.Close(1169)</onclick>
				<texturefocus colordiffuse="$VAR[HighlightBarColor]" border="5">listselect_fo.png</texturefocus>
				<texturenofocus border="5">dialogs/default/inner.png</texturenofocus>
			</control>
		</control>
	</controls>
</window>