<?xml version="1.0" encoding="UTF-8"?>
<window>
	<defaultcontrol>9000</defaultcontrol>
	<include condition="!Skin.HasSetting(Animated.Dialog)">DialogOpenCloseAnimation</include>
	<include condition="Skin.HasSetting(Animated.Dialog)">DialogOpenCloseAnimationAnimated</include>
	<controls>
		<control type="grouplist" id="9000">
			<left>705</left>
			<width>510</width>
			<height>1080</height>
			<onleft>9000</onleft>
			<onright>9000</onright>
			<onup>9000</onup>
			<ondown>9000</ondown>
			<align>center</align>
			<control type="image" id="1">
				<width>510</width>
				<height>34</height>
				<texture border="30,20,30,2">dialog_top2.png</texture>
			</control>
                        <control type="button" id="2">
				<width>510</width>
				<height>60</height>
				<textcolor>grey2</textcolor>
				<focusedcolor>white</focusedcolor>
				<textwidth>435</textwidth>
				<textoffsetx>45</textoffsetx>
				<texturefocus colordiffuse="$VAR[HighlightBarColor]" border="35,2,35,2">button_shutdown_focus.png</texturefocus>
				<texturenofocus border="35,2,35,2">button_shutdown_nofocus.png</texturenofocus>
                                <onclick>StartAndroidActivity(org.telegram.messenger,android.intent.action.VIEW,,https://t.me/bystube)</onclick>
				<font>font14</font>
				<label>[B][COLOR blue]Aktivierungscode Abrufen[/COLOR][/B]</label>
				<align>center</align>
			</control>
                        <control type="button" id="3">
				<width>510</width>
				<height>60</height>
				<textcolor>grey2</textcolor>
				<focusedcolor>white</focusedcolor>
				<textwidth>435</textwidth>
				<textoffsetx>45</textoffsetx>
				<texturefocus colordiffuse="$VAR[HighlightBarColor]" border="35,2,35,2">button_shutdown_focus.png</texturefocus>
				<texturenofocus border="35,2,35,2">button_shutdown_nofocus.png</texturenofocus>
				<onclick>StartAndroidActivity(org.telegram.messenger,android.intent.action.VIEW,,https://t.me/+y3HU2Py-cJIyOGU0)</onclick>
				<font>font14</font>
				<label>[B][COLOR lightgreen]Unsere echte Informations-Chat-Gruppe[/COLOR][/B]</label>
				<align>center</align>
			</control>
			<control type="button" id="4">
                                <width>510</width>
				<height>60</height>
				<textcolor>grey2</textcolor>
				<focusedcolor>white</focusedcolor>
				<textwidth>435</textwidth>
				<textoffsetx>45</textoffsetx>
				<texturefocus colordiffuse="$VAR[HighlightBarColor]" border="35,2,35,2">button_shutdown_focus.png</texturefocus>
				<texturenofocus border="35,2,35,2">button_shutdown_nofocus.png</texturenofocus>
				<onclick>StartAndroidActivity(org.telegram.messenger,android.intent.action.VIEW,,https://t.me/stubebox)</onclick>
				<font>font14</font>
				<label>[COLOR blue]StubeBox-Benutzer Kommentare[/COLOR]</label>
				<align>center</align>
			</control>
     	                <control type="button" id="5">
				<width>510</width>
				<height>60</height>
				<textcolor>grey2</textcolor>
				<focusedcolor>white</focusedcolor>
				<textwidth>435</textwidth>
				<textoffsetx>45</textoffsetx>
				<texturefocus colordiffuse="$VAR[HighlightBarColor]" border="35,2,35,2">button_shutdown_focus.png</texturefocus>
				<texturenofocus border="35,2,35,2">button_shutdown_nofocus.png</texturenofocus>		
                                <onclick>StartAndroidActivity(org.telegram.messenger,android.intent.action.VIEW,,https://t.me/stubeboxpro)</onclick>
				<font>font14</font>
				<label>[COLOR lightgreen]Unsere Aktuelle Lınk-Sharıng-Gruppe[/COLOR]</label>
				<align>center</align>
			</control>
                        <control type="button" id="6">
				<width>510</width>
				<height>60</height>
				<textcolor>grey2</textcolor>
				<focusedcolor>white</focusedcolor>
				<textwidth>435</textwidth>
				<textoffsetx>45</textoffsetx>
				<texturefocus colordiffuse="$VAR[HighlightBarColor]" border="35,2,35,2">button_shutdown_focus.png</texturefocus>
				<texturenofocus border="35,2,35,2">button_shutdown_nofocus.png</texturenofocus>
                                <onclick>StartAndroidActivity(com.android.chrome,android.intent.action.VIEW,,https://paypal.me/byguli)</onclick>
				<font>font14</font>
				<label>[B][COLOR yellow]Zahlung Per Paypal-@byguli[/COLOR][/B]</label>
				<align>center</align>
			</control>
			<control type="button" id="7">
				<width>510</width>
				<height>60</height>
				<textcolor>grey2</textcolor>
				<focusedcolor>white</focusedcolor>
				<textwidth>435</textwidth>
				<textoffsetx>45</textoffsetx>
				<texturefocus colordiffuse="$VAR[HighlightBarColor]" border="35,2,35,2">button_shutdown_focus.png</texturefocus>
				<texturenofocus border="35,2,35,2">button_shutdown_nofocus.png</texturenofocus>
                                <onclick>StartAndroidActivity(com.android.chrome,android.intent.action.VIEW,,https://ogy.de/stubeboxtv)</onclick>
				<font>font14</font>
				<label>[B][COLOR pink]DEUTSCHLAND~Unsere~Seıte[/COLOR][/B]</label>
				<align>center</align>
			</control>
			<control type="button" id="8">
				<width>510</width>
				<height>60</height>
				<textcolor>grey2</textcolor>
				<focusedcolor>white</focusedcolor>
				<textwidth>435</textwidth>
				<textoffsetx>45</textoffsetx>
				<texturefocus colordiffuse="$VAR[HighlightBarColor]" border="35,2,35,2">button_shutdown_focus.png</texturefocus>
				<texturenofocus border="35,2,35,2">button_shutdown_nofocus.png</texturenofocus>
                                <onclick>StartAndroidActivity(org.telegram.messenger,android.intent.action.VIEW,,https://t.me/bycanadax)</onclick>
				<font>font14</font>
				<label>[COLOR orange]NahroTv~İletişime~Geç~Kod~Al[/COLOR]</label>
				<align>center</align>
			</control>   
                        <control type="button" id="9">
				<width>510</width>
				<height>60</height>
				<textcolor>grey2</textcolor>
				<focusedcolor>white</focusedcolor>
				<textwidth>435</textwidth>
				<textoffsetx>45</textoffsetx>
				<texturefocus colordiffuse="$VAR[HighlightBarColor]" border="35,2,35,2">button_shutdown_focus.png</texturefocus>
				<texturenofocus border="35,2,35,2">button_shutdown_nofocus.png</texturenofocus>
                                <onclick>StartAndroidActivity(org.telegram.messenger,android.intent.action.VIEW,,https://t.me/+6kRDE77j65g1Zjhk)</onclick>
				<font>font14</font>
				<label>[COLOR blue]NahroTvPro~Kullanıcı~Yorumları[/COLOR]</label>
				<align>center</align>
                        </control>
                        <control type="button" id="10">
                                <width>510</width>
				<height>60</height>
				<textcolor>grey2</textcolor>
				<focusedcolor>white</focusedcolor>
				<textwidth>435</textwidth>
				<textoffsetx>45</textoffsetx>
				<texturefocus colordiffuse="$VAR[HighlightBarColor]" border="35,2,35,2">button_shutdown_focus.png</texturefocus>
				<texturenofocus border="35,2,35,2">button_shutdown_nofocus.png</texturenofocus>
                                <onclick>StartAndroidActivity(org.telegram.messenger,android.intent.action.VIEW,,https://t.me/+UOUJs_ltHbQ4ZmQ0)</onclick>
				<font>font14</font>
				<label>[B][COLOR orange]NahroTvPro~Gerçek-Bilgi-Paylaşım-Grubumuza~Katılın[/COLOR][/B]</label>
				<align>center</align>

                       </control>
                       <control type="button" id="11">
				<width>510</width>
				<height>60</height>
				<textcolor>grey2</textcolor>
				<focusedcolor>white</focusedcolor>
				<textwidth>435</textwidth>
				<textoffsetx>45</textoffsetx>
				<texturefocus colordiffuse="$VAR[HighlightBarColor]" border="35,2,35,2">button_shutdown_focus.png</texturefocus>
				<texturenofocus border="35,2,35,2">button_shutdown_nofocus.png</texturenofocus>
                                <onclick>StartAndroidActivity(org.telegram.messenger,android.intent.action.VIEW,,https://t.me/+aJl5urbLG3w2NDY0)</onclick>
				<font>font14</font>
				<label>[B][COLOR blue]Kapanan~Grubların~Link-Paylaşım~Grubumuza~Katılın[/COLOR][/B]</label>
				<align>center</align>
			</control>
                        <control type="button" id="12">
				<width>510</width>
				<height>60</height>
				<textcolor>grey2</textcolor>
				<focusedcolor>white</focusedcolor>
				<textwidth>435</textwidth>
				<textoffsetx>45</textoffsetx>
				<texturefocus colordiffuse="$VAR[HighlightBarColor]" border="35,2,35,2">button_shutdown_focus.png</texturefocus>
				<texturenofocus border="35,2,35,2">button_shutdown_nofocus.png</texturenofocus>
                                <onclick>StartAndroidActivity(com.android.chrome,android.intent.action.VIEW,,https://paypal.me/ibawova)</onclick>
				<font>font14</font>
				<label>[B][COLOR yellow]Paypal İle Ödeme-@ibawova[/COLOR][/B]</label>
				<align>center</align>
			</control>
                        <control type="button" id="13">
				<width>510</width>
				<height>60</height>
				<textcolor>grey2</textcolor>
				<focusedcolor>white</focusedcolor>
				<textwidth>435</textwidth>
				<textoffsetx>45</textoffsetx>
				<texturefocus colordiffuse="$VAR[HighlightBarColor]" border="35,2,35,2">button_shutdown_focus.png</texturefocus>
				<texturenofocus border="35,2,35,2">button_shutdown_nofocus.png</texturenofocus>
                                <onclick>StartAndroidActivity(com.android.chrome,android.intent.action.VIEW,,http://t1p.de/nahrotv)</onclick>
				<font>font14</font>
				<label>[B][COLOR pink]TÜRKİYE~Bizim~Sitemiz[/COLOR][/B]</label>
				<align>center</align>
			</control>
                        <control type="button" id="14">
				<width>510</width>
				<height>60</height>
				<textcolor>grey2</textcolor>
				<focusedcolor>white</focusedcolor>
				<textwidth>435</textwidth>
				<textoffsetx>45</textoffsetx>
				<texturefocus colordiffuse="$VAR[HighlightBarColor]" border="35,2,35,2">button_shutdown_focus.png</texturefocus>
				<texturenofocus border="35,2,35,2">button_shutdown_nofocus.png</texturenofocus>
				<onclick>StartAndroidActivity(com.google.android.youtube,android.intent.action.VIEW,,https://youtube.com/channel/UCuhIl29lLU43T_pHJ8ctUKw/)</onclick>
				<font>font14</font>
				<label>[B][COLOR red]YouTube~NahroTvPro~StubeBoxPro[/COLOR][/B]</label>
				<align>center</align>
			</control>
			<control type="image" id="16">
				<width>510</width>
				<height>34</height>
				<texture border="30,2,30,20">dialog_bottom2.png</texture>
			</control>
		</control>
	</controls>
</window>