<?xml version="1.0" encoding="UTF-8"?>
<window>
	<coordinates>
		<left>-12</left>
		<top>-12</top>
	</coordinates>
	<animation effect="slide" time="150" start="0,-140" end="0,0">WindowOpen</animation>
	<animation effect="slide" time="150" start="0,0" end="0,-140">WindowClose</animation>
	<controls>
		<control type="group">
			<!--<control type="image">
				<description>background image</description>
				<width>800</width>
				<height>140</height>
				<texture border="16">dialog_context.png</texture>
				<colordiffuse>$VAR[ColorDialogVar]</colordiffuse>
			</control>-->
			<control type="image" id="400">
				<left>30</left>
				<top>30</top>
				<width>80</width>
				<height>80</height>
				<aspectratio scalediffuse="false">keep</aspectratio>
				<texture diffuse="diffuse/nowplaying.png"></texture>
			</control>
			<control type="fadelabel" id="401">
				<description>Line 1 Label</description>
				<left>130</left>
				<top>27</top>
				<width>640</width>
				<height>45</height>
				<font>font30</font>
				<scrollout>false</scrollout>
				<pauseatend>2000</pauseatend>
				<aligny>center</aligny>
			</control>
			<control type="fadelabel" id="402">
				<description>Line 2 Label</description>
				<left>130</left>
				<top>69</top>
				<width>640</width>
				<height>45</height>
				<font>font14</font>
				<textcolor>$VAR[ColorHighlightVar]</textcolor>
				<scrollout>false</scrollout>
				<pauseatend>2000</pauseatend>
				<aligny>center</aligny>
			</control>
		</control>
	</controls>
</window>