<?xml version="1.0" encoding="UTF-8"?>
<window>
	<defaultcontrol always="true">9000</defaultcontrol>
	<coordinates>
		<system>1</system>
		<left>457</left>
		<top>198</top>
	</coordinates>
	<include>Animation.Dialog</include>
	<controls>
		<control type="group">
			<include content="DialogBackgroundCommons">
				<param name="DialogBackgroundWidth" value="1006" />
				<param name="DialogBackgroundHeight" value="684" />
				<param name="DialogHeaderLabel" value="" />
				<param name="DialogHeaderId" value="1" />
			</include>
			<control type="group">
                <visible>Integer.IsGreater(Container(3).NumItems,0)</visible>
                <control type="image">
                	<left>32</left>
                    <top>88</top>
                    <width>942</width>
                    <height>60</height>
                    <visible>Control.HasFocus(3)</visible>
                    <animation effect="fade" time="320" delay="200">Visible</animation>
                    <animation effect="fade" time="50">Hidden</animation>
                    <texture colordiffuse="$VAR[ColorHighlightVar]" border="5">listselect_fo.png</texture>
                    <animation effect="slide" end="0,60" time="150" tween="cubic" easing="inout" condition="Integer.IsGreater(Container(3).Row,6)">Conditional</animation>
                    <animation effect="slide" end="0,60" time="150" tween="cubic" easing="inout" condition="Integer.IsGreater(Container(3).Row,5)">Conditional</animation>
                    <animation effect="slide" end="0,60" time="150" tween="cubic" easing="inout" condition="Integer.IsGreater(Container(3).Row,4)">Conditional</animation>
                    <animation effect="slide" end="0,60" time="150" tween="cubic" easing="inout" condition="Integer.IsGreater(Container(3).Row,3)">Conditional</animation>
                    <animation effect="slide" end="0,60" time="150" tween="cubic" easing="inout" condition="Integer.IsGreater(Container(3).Row,2)">Conditional</animation>
                    <animation effect="slide" end="0,60" time="150" tween="cubic" easing="inout" condition="Integer.IsGreater(Container(3).Row,1)">Conditional</animation>
                    <animation effect="slide" end="0,60" time="150" tween="cubic" easing="inout" condition="Integer.IsGreater(Container(3).Row,0)">Conditional</animation>
                </control>
            </control>
            <control type="group">
                <visible>Integer.IsGreater(Container(6).NumItems,0)</visible>
                <control type="image">
                	<left>32</left>
                    <top>88</top>
                    <width>942</width>
                    <height>120</height>
                    <visible>Control.HasFocus(6)</visible>
                    <animation effect="fade" time="320" delay="200">Visible</animation>
                    <animation effect="fade" time="50">Hidden</animation>
                    <texture colordiffuse="$VAR[ColorHighlightVar]" border="5">listselect_fo.png</texture>
                    <animation effect="slide" end="0,120" time="150" tween="cubic" easing="inout" condition="Integer.IsGreater(Container(6).Row,2)">Conditional</animation>
                    <animation effect="slide" end="0,120" time="150" tween="cubic" easing="inout" condition="Integer.IsGreater(Container(6).Row,1)">Conditional</animation>
                    <animation effect="slide" end="0,120" time="150" tween="cubic" easing="inout" condition="Integer.IsGreater(Container(6).Row,0)">Conditional</animation>
                </control>
            </control>
			<control type="group" id="9000">
				<control type="panel" id="3">
					<left>32</left>
					<top>88</top>
					<width>942</width>
					<height>480</height>
					<onup>3</onup>
					<ondown>3</ondown>
					<onleft>5</onleft>
					<onright>60</onright>
					<pagecontrol>60</pagecontrol>
					<scrolltime tween="quadratic" easing="out">200</scrolltime>
					<itemlayout height="60" width="942">
						<control type="label">
							<width>942</width>
							<height>60</height>
							<textoffsetx>15</textoffsetx>
							<font>font14</font>
							<label>$INFO[ListItem.Label]</label>
						</control>
						<control type="label">
							<width>942</width>
							<height>60</height>
							<textoffsetx>15</textoffsetx>
							<font>font14</font>
							<align>right</align>
							<label>$INFO[ListItem.Label2]</label>
						</control>
						<control type="label">
							<width>942</width>
							<height>60</height>
							<align>right</align>
							<font>IconSmall</font>
							<textoffsetx>15</textoffsetx>
							<label>A</label>
							<visible>ListItem.IsSelected</visible>
						</control>
					</itemlayout>
					<focusedlayout height="60" width="942">
						<control type="label">
							<width>942</width>
							<height>60</height>
							<textoffsetx>15</textoffsetx>
							<font>font14</font>
							<scroll>true</scroll>
							<label>$INFO[ListItem.Label]</label>
						</control>
						<control type="label">
							<width>942</width>
							<height>60</height>
							<textoffsetx>15</textoffsetx>
							<font>font14</font>
							<align>right</align>
							<label>$INFO[ListItem.Label2]</label>
						</control>
						<control type="label">
							<width>942</width>
							<height>60</height>
							<align>right</align>
							<font>IconSmall</font>
							<textoffsetx>15</textoffsetx>
							<label>A</label>
							<visible>ListItem.IsSelected</visible>
						</control>
					</focusedlayout>
				</control>
				<control type="panel" id="6">
					<left>32</left>
					<top>88</top>
					<width>942</width>
					<height>480</height>
					<onup>6</onup>
					<ondown>6</ondown>
					<onleft>9001</onleft>
					<onright>60</onright>
					<pagecontrol>60</pagecontrol>
					<scrolltime tween="quadratic" easing="out">200</scrolltime>
					<itemlayout height="120" width="942">
						<control type="image">
							<left>10</left>
							<top>10</top>
							<width>100</width>
							<height>100</height>
							<aspectratio aligny="center" align="center" scalediffuse="false">keep</aspectratio>
							<texture diffuse="diffuse/list-icon.png" fallback="DefaultFolder.png">$INFO[ListItem.Icon]</texture>
						</control>
						<control type="label">
							<left>120</left>
							<top>3</top>
							<width>770</width>
							<height>70</height>
							<font>font30</font>
							<textoffsetx>15</textoffsetx>
							<label>$INFO[ListItem.Label]</label>
						</control>
						<control type="label">
							<left>120</left>
							<top>52</top>
							<width>770</width>
							<height>60</height>
							<textoffsetx>15</textoffsetx>
							<label>$INFO[ListItem.Label2]</label>
						</control>
						<control type="label">
							<left>120</left>
							<width>822</width>
							<height>120</height>
							<align>right</align>
							<font>IconSmall</font>
							<textoffsetx>20</textoffsetx>
							<label>A</label>
							<visible>ListItem.IsSelected</visible>
						</control>
					</itemlayout>
					<focusedlayout height="120" width="942">
						<control type="image">
							<left>10</left>
							<top>10</top>
							<width>100</width>
							<height>100</height>
							<aspectratio aligny="center" align="center" scalediffuse="false">keep</aspectratio>
							<texture diffuse="diffuse/list-icon.png" fallback="DefaultFolder.png">$INFO[ListItem.Icon]</texture>
						</control>
						<control type="label">
							<left>120</left>
							<top>3</top>
							<width>770</width>
							<height>70</height>
							<font>font30</font>
							<textoffsetx>15</textoffsetx>
							<label>$INFO[ListItem.Label]</label>
						</control>
						<control type="label">
							<left>120</left>
							<top>52</top>
							<width>770</width>
							<height>60</height>
							<font>font13</font>
							<textoffsetx>15</textoffsetx>
							<label>$INFO[ListItem.Label2]</label>
						</control>
						<control type="label">
							<left>120</left>
							<width>822</width>
							<height>120</height>
							<align>right</align>
							<font>IconSmall</font>
							<textoffsetx>20</textoffsetx>
							<label>A</label>
							<visible>ListItem.IsSelected</visible>
						</control>
					</focusedlayout>
				</control>
			</control>
			<control type="grouplist" id="9001">
				<left>32</left>
				<top>592</top>
				<height>60</height>
				<width>942</width>
				<onup condition="Control.IsVisible(3)">3</onup>
				<onup condition="Control.IsVisible(6)">6</onup>
				<ondown condition="Control.IsVisible(3)">3</ondown>
				<ondown condition="Control.IsVisible(6)">6</ondown>
				<align>center</align>
				<itemgap>14</itemgap>
				<orientation>horizontal</orientation>
				<control type="button" id="5">
					<description>Manual button</description>
					<font>font15_title</font>
					<align>center</align>
					<width>464</width>
					<label />
					<texturenofocus colordiffuse="33787878" border="5">listselect_fo.png</texturenofocus>
				</control>
				<control type="button" id="7">
					<description>Cancel button</description>
					<font>font15_title</font>
					<align>center</align>
					<width>464</width>
					<label>222</label>
					<texturenofocus colordiffuse="33787878" border="5">listselect_fo.png</texturenofocus>
				</control>
			</control>
			<control type="scrollbar" id="60">
				<left>979</left>
				<top>88</top>
				<height>480</height>
				<width>10</width>
				<onleft condition="Control.IsVisible(6)">6</onleft>
				<onleft condition="Control.IsVisible(3)">3</onleft>
				<onright>9001</onright>
				<ondown>60</ondown>
				<onup>60</onup>
			</control>
		</control>
	</controls>
</window>