<?xml version='1.0' encoding='UTF-8'?>
<includes>
	<include name="skinshortcuts-mainmenu">
		<item id="1">
			<property name="id">$NUMBER[1]</property>
			<label>{ ÇIKIŞ }</label>
			<label2>Custom item</label2>
			<icon>DefaultShortcut.png</icon>
			<thumb>special://skin/extras/icons/Kapat.png</thumb>
			<property name="labelID">cikis</property>
			<property name="defaultID" />
			<onclick>ActivateWindow(10001,"plugin://plugin.close.kodi/?description&amp;fanart=C%3a%5cUsers%5ctalop%5cAppData%5cRoaming%5cKodi%5caddons%5cplugin.close.kodi%5cfanart.jpg&amp;iconimage=C%3a%5cUsers%5ctalop%5cAppData%5cRoaming%5cKodi%5caddons%5cplugin.close.kodi%5cresources%5cart%5cforce.png&amp;mode=4&amp;name=(Power%20Off!)&amp;url=fclose",return)</onclick>
			<property name="path">ActivateWindow(10001,"plugin://plugin.close.kodi/?description&amp;fanart=C%3a%5cUsers%5ctalop%5cAppData%5cRoaming%5cKodi%5caddons%5cplugin.close.kodi%5cfanart.jpg&amp;iconimage=C%3a%5cUsers%5ctalop%5cAppData%5cRoaming%5cKodi%5caddons%5cplugin.close.kodi%5cresources%5cart%5cforce.png&amp;mode=4&amp;name=(Power%20Off!)&amp;url=fclose",return)</property>
			<property name="list">plugin://plugin.close.kodi/?description&amp;fanart=C%3a%5cUsers%5ctalop%5cAppData%5cRoaming%5cKodi%5caddons%5cplugin.close.kodi%5cfanart.jpg&amp;iconimage=C%3a%5cUsers%5ctalop%5cAppData%5cRoaming%5cKodi%5caddons%5cplugin.close.kodi%5cresources%5cart%5cforce.png&amp;mode=4&amp;name=(Power%20Off!)&amp;url=fclose</property>
			<visible>String.IsEqual(System.ProfileName,Master user)</visible>
			<property name="submenuVisibility">cikis</property>
			<property name="group">mainmenu</property>
			<property name="hasSubmenu">False</property>
		</item>
		<item id="2">
			<property name="id">$NUMBER[2]</property>
			<label>HIZ~TESTİ</label>
			<label2>Custom item</label2>
			<icon>DefaultShortcut.png</icon>
			<thumb>special://skin/extras/icons/w.png</thumb>
			<property name="labelID">script.speedtester</property>
			<property name="defaultID" />
			<onclick>RunAddOn(script.speedtester)</onclick>
			<property name="path">RunAddOn(script.speedtester)</property>
			<property name="list">RunAddOn(script.speedtester)</property>
			<visible>String.IsEqual(System.ProfileName,Master user)</visible>
			<property name="submenuVisibility">script-speedtester</property>
			<property name="group">mainmenu</property>
			<property name="hasSubmenu">False</property>
		</item>
		<item id="3">
			<property name="id">$NUMBER[3]</property>
			<label>{ AKTİF~ET }</label>
			<label2>Custom item</label2>
			<icon>DefaultShortcut.png</icon>
			<thumb>special://skin/extras/icons/g.jpg</thumb>
			<property name="labelID">aktif-et</property>
			<property name="defaultID">20045</property>
			<onclick>ActivateWindow(shutdownmenu)</onclick>
			<property name="path">ActivateWindow(shutdownmenu)</property>
			<property name="list">shutdownmenu</property>
			<visible>String.IsEqual(System.ProfileName,Master user)</visible>
			<property name="submenuVisibility">aktif-et</property>
			<property name="group">mainmenu</property>
			<property name="hasSubmenu">False</property>
		</item>
		<item id="4">
			<property name="id">$NUMBER[4]</property>
			<label>FAVORİM</label>
			<label2>Custom item</label2>
			<icon>DefaultShortcut.png</icon>
			<thumb>special://skin/extras/icons/bright_yellow_star.png</thumb>
			<property name="labelID">favorim</property>
			<property name="defaultID" />
			<onclick>noop</onclick>
			<property name="path">noop</property>
			<property name="list">noop</property>
			<visible>String.IsEqual(System.ProfileName,Master user)</visible>
			<property name="submenuVisibility">favorim</property>
			<property name="group">mainmenu</property>
			<property name="hasSubmenu">False</property>
		</item>
		<item id="5">
			<property name="id">$NUMBER[5]</property>
			<label>VİP~TOKEN</label>
			<label2>Custom item</label2>
			<icon>DefaultShortcut.png</icon>
			<thumb>special://skin/extras/icons/vk.png</thumb>
			<property name="labelID">vip-token</property>
			<property name="defaultID">livetv</property>
			<onclick>ActivateWindow(settings)</onclick>
			<property name="path">ActivateWindow(settings)</property>
			<property name="list">settings</property>
			<visible>String.IsEqual(System.ProfileName,Master user)</visible>
			<property name="submenuVisibility">vip-token</property>
			<property name="group">mainmenu</property>
			<property name="hasSubmenu">False</property>
		</item>
		<item id="6">
			<property name="id">$NUMBER[6]</property>
			<label>NETFLİX</label>
			<label2>Custom item</label2>
			<icon>DefaultShortcut.png</icon>
			<thumb>special://skin/extras/icons/netflix.png</thumb>
			<property name="labelID">netflix</property>
			<property name="defaultID" />
			<onclick>ActivateWindow(shutdownmenu)</onclick>
			<property name="path">ActivateWindow(shutdownmenu)</property>
			<property name="list">shutdownmenu</property>
			<visible>String.IsEqual(System.ProfileName,Master user)</visible>
			<property name="submenuVisibility">netflix</property>
			<property name="group">mainmenu</property>
			<property name="hasSubmenu">False</property>
		</item>
		<item id="7">
			<property name="id">$NUMBER[7]</property>
			<label>VİP~SPORT</label>
			<label2>Custom item</label2>
			<icon>DefaultShortcut.png</icon>
			<thumb>special://skin/extras/icons/demo.png</thumb>
			<property name="labelID">vip-sport</property>
			<property name="defaultID" />
			<onclick>ActivateWindow(settings)</onclick>
			<property name="path">ActivateWindow(settings)</property>
			<property name="list">settings</property>
			<visible>String.IsEqual(System.ProfileName,Master user)</visible>
			<property name="submenuVisibility">vip-sport</property>
			<property name="group">mainmenu</property>
			<property name="hasSubmenu">False</property>
		</item>
		<item id="8">
			<property name="id">$NUMBER[8]</property>
			<label>VİP~WORLD</label>
			<label2>Custom item</label2>
			<icon>DefaultShortcut.png</icon>
			<thumb>special://skin/extras/icons/world.png</thumb>
			<property name="labelID">vip-world</property>
			<property name="defaultID" />
			<onclick>ActivateWindow(settings)</onclick>
			<property name="path">ActivateWindow(settings)</property>
			<property name="list">settings</property>
			<visible>String.IsEqual(System.ProfileName,Master user)</visible>
			<property name="submenuVisibility">vip-world</property>
			<property name="group">mainmenu</property>
			<property name="hasSubmenu">False</property>
		</item>
		<item id="9">
			<property name="id">$NUMBER[9]</property>
			<label>TÜRK~VOD</label>
			<label2>Custom item</label2>
			<icon>DefaultShortcut.png</icon>
			<thumb>special://skin/extras/icons/by.png</thumb>
			<property name="labelID">turk-vod</property>
			<property name="defaultID" />
			<onclick>noop</onclick>
			<property name="path">noop</property>
			<property name="list">noop</property>
			<visible>String.IsEqual(System.ProfileName,Master user)</visible>
			<property name="submenuVisibility">turk-vod</property>
			<property name="group">mainmenu</property>
			<property name="hasSubmenu">False</property>
		</item>
		<item id="10">
			<property name="id">$NUMBER[10]</property>
			<label>SEYİR~TÜRK</label>
			<label2>Custom item</label2>
			<icon>DefaultShortcut.png</icon>
			<thumb>special://skin/extras/icons/seyir.png</thumb>
			<property name="labelID">seyir-turk</property>
			<property name="defaultID" />
			<onclick>ActivateWindow(shutdownmenu)</onclick>
			<property name="path">ActivateWindow(shutdownmenu)</property>
			<property name="list">shutdownmenu</property>
			<visible>String.IsEqual(System.ProfileName,Master user)</visible>
			<property name="submenuVisibility">seyir-turk</property>
			<property name="group">mainmenu</property>
			<property name="hasSubmenu">False</property>
		</item>
		<item id="11">
			<property name="id">$NUMBER[11]</property>
			<label>EXXEN</label>
			<label2>Custom item</label2>
			<icon>DefaultShortcut.png</icon>
			<thumb>special://skin/extras/icons/exxen.png</thumb>
			<property name="labelID">exxen</property>
			<property name="defaultID" />
			<onclick>noop</onclick>
			<property name="path">noop</property>
			<property name="list">noop</property>
			<visible>String.IsEqual(System.ProfileName,Master user)</visible>
			<property name="submenuVisibility">exxen</property>
			<property name="group">mainmenu</property>
			<property name="hasSubmenu">False</property>
		</item>
		<item id="12">
			<property name="id">$NUMBER[12]</property>
			<label>VİP~MEDİA</label>
			<label2>Custom item</label2>
			<icon>DefaultShortcut.png</icon>
			<thumb>special://skin/extras/icons/vip.png</thumb>
			<property name="labelID">vip-media</property>
			<property name="defaultID" />
			<onclick>noop</onclick>
			<property name="path">noop</property>
			<property name="list">noop</property>
			<visible>String.IsEqual(System.ProfileName,Master user)</visible>
			<property name="submenuVisibility">vip-media</property>
			<property name="group">mainmenu</property>
			<property name="hasSubmenu">False</property>
		</item>
		<item id="13">
			<property name="id">$NUMBER[13]</property>
			<label>M3U~EKLE</label>
			<label2>Custom item</label2>
			<icon>DefaultShortcut.png</icon>
			<thumb>special://skin/extras/icons/g1.png</thumb>
			<property name="labelID">m3u-ekle</property>
			<property name="defaultID" />
			<onclick>noop</onclick>
			<property name="path">noop</property>
			<property name="list">noop</property>
			<visible>String.IsEqual(System.ProfileName,Master user)</visible>
			<property name="submenuVisibility">m3u-ekle</property>
			<property name="group">mainmenu</property>
			<property name="hasSubmenu">False</property>
		</item>
		<item id="14">
			<property name="id">$NUMBER[14]</property>
			<label>YOUTUBE</label>
			<label2>Custom item</label2>
			<icon>DefaultShortcut.png</icon>
			<thumb>special://skin/extras/icons/youtubee.png</thumb>
			<property name="labelID">youtube</property>
			<property name="defaultID" />
			<onclick>noop</onclick>
			<property name="path">noop</property>
			<property name="list">noop</property>
			<visible>String.IsEqual(System.ProfileName,Master user)</visible>
			<property name="submenuVisibility">youtube</property>
			<property name="group">mainmenu</property>
			<property name="hasSubmenu">False</property>
		</item>
		<item id="15">
			<property name="id">$NUMBER[15]</property>
			<label>DISNEY~CHANEL</label>
			<label2>Custom item</label2>
			<icon>DefaultShortcut.png</icon>
			<thumb>special://skin/extras/icons/dsc.png</thumb>
			<property name="labelID">disney-chanel</property>
			<property name="defaultID" />
			<onclick>noop</onclick>
			<property name="path">noop</property>
			<property name="list">noop</property>
			<visible>String.IsEqual(System.ProfileName,Master user)</visible>
			<property name="submenuVisibility">disney-chanel</property>
			<property name="group">mainmenu</property>
			<property name="hasSubmenu">False</property>
		</item>
		<item id="16">
			<property name="id">$NUMBER[16]</property>
			<label>PRİME~VİDEO</label>
			<label2>Custom item</label2>
			<icon>DefaultShortcut.png</icon>
			<thumb>special://skin/extras/icons/amzp.png</thumb>
			<property name="labelID">prime-video</property>
			<property name="defaultID" />
			<onclick>noop</onclick>
			<property name="path">noop</property>
			<property name="list">noop</property>
			<visible>String.IsEqual(System.ProfileName,Master user)</visible>
			<property name="submenuVisibility">prime-video</property>
			<property name="group">mainmenu</property>
			<property name="hasSubmenu">False</property>
		</item>
		<item id="17">
			<property name="id">$NUMBER[17]</property>
			<label>VİP~KİDS</label>
			<label2>Custom item</label2>
			<icon>DefaultShortcut.png</icon>
			<thumb>special://skin/extras/icons/tavsan.png</thumb>
			<property name="labelID">vip-kids</property>
			<property name="defaultID" />
			<onclick>noop</onclick>
			<property name="path">noop</property>
			<property name="list">noop</property>
			<visible>String.IsEqual(System.ProfileName,Master user)</visible>
			<property name="submenuVisibility">vip-kids</property>
			<property name="group">mainmenu</property>
			<property name="hasSubmenu">False</property>
		</item>
	</include>
	<include />
	<include name="skinshortcuts-submenu" />
	<include />
	<include name="skinshortcuts-submenu-1" />
	<include />
	<include name="skinshortcuts-submenu-2" />
</includes>
