<?xml version="1.0" encoding="UTF-8"?>
<window>
	<defaultcontrol always="true">9000</defaultcontrol>
	<onload>SetProperty(Window.HasSettings,True,Home)</onload>
	<onload>ClearProperty(MediaMenu,Home)</onload>
	<!-- <onunload condition="System.HasAddon(script.skinshortcuts)">RunScript(script.skinshortcuts,type=buildxml&amp;mainmenuID=9000&amp;levels=2&amp;options=noGroups)</onunload> -->
	<onunload>ClearProperty(MediaMenu,Home)</onunload>
	<onunload>ClearProperty(Window.HasSettings,Home)</onunload>
	<onunload condition="System.HasAddon(script.colorbox)">RunScript(script.colorbox,daemon=True)</onunload>
	<onunload condition="!String.IsEmpty(Skin.String(FanartTimePerImage))">RunScript(script.grab.fanart,mode=random,refresh=$INFO[Skin.String(FanartTimePerImage)])</onunload>
	<onunload condition="String.IsEmpty(Skin.String(FanartTimePerImage))">RunScript(script.grab.fanart,mode=random,refresh=7)</onunload>
	<onunload condition="!String.IsEmpty(Window(Home).Property(OverlayUnwatched)) + !String.IsEmpty(Window(Home).Property(OverlayWatched)) + !Skin.HasSetting(coloredflags)">SetProperty(Overlay.Path,overlays/showcase/1/,Home)</onunload>
	<onunload condition="!String.IsEmpty(Window(Home).Property(OverlayUnwatched)) + !String.IsEmpty(Window(Home).Property(OverlayWatched)) + Skin.HasSetting(coloredflags)">SetProperty(Overlay.Path,overlays/showcase/4/,Home)</onunload>
	<onunload condition="String.IsEmpty(Window(Home).Property(OverlayUnwatched)) + !String.IsEmpty(Window(Home).Property(OverlayWatched)) + !Skin.HasSetting(coloredflags)">SetProperty(Overlay.Path,overlays/showcase/2/,Home)</onunload>
	<onunload condition="String.IsEmpty(Window(Home).Property(OverlayUnwatched)) + !String.IsEmpty(Window(Home).Property(OverlayWatched)) + Skin.HasSetting(coloredflags)">SetProperty(Overlay.Path,overlays/showcase/5/,Home)</onunload>
	<onunload condition="!String.IsEmpty(Window(Home).Property(OverlayUnwatched)) + String.IsEmpty(Window(Home).Property(OverlayWatched)) + !Skin.HasSetting(coloredflags)">SetProperty(Overlay.Path,overlays/showcase/3/,Home)</onunload>
	<onunload condition="!String.IsEmpty(Window(Home).Property(OverlayUnwatched)) + String.IsEmpty(Window(Home).Property(OverlayWatched)) + Skin.HasSetting(coloredflags)">SetProperty(Overlay.Path,overlays/showcase/6/,Home)</onunload>
	<controls>
		<include>GlobalFanart</include>
		<include>TestGrid</include>
		<control type="group">
			<visible>[Player.HasVideo + !Skin.HasSetting(Disable.ShowBackgroundVideo) + !SlideShow.IsActive]</visible>
			<include>FullscreenDimensions</include>
			<control type="image">
				<texture>black.png</texture>
			</control>
			<control type="videowindow" />
		</control>
		<control type="visualisation">
			<include>FullscreenDimensions</include>
			<visible>Player.HasAudio</visible>
			<visible>!Skin.HasSetting(Disable.ShowBackgroundVis)</visible>
			<visible>!Window.IsVisible(TVChannels) + !Window.IsVisible(RadioChannels) + !SlideShow.IsActive</visible>
			<visible>String.IsEmpty(Window(Videos).Property(PlayingBackgroundMedia))</visible>
		</control>
		<include>SnowBackground</include>
		<include>HeartBackground</include>
		<include>Topbar</include>
		<control type="group">
			<include condition="!Skin.HasSetting(Animated.Skin)">WindowOpenCloseAnimation</include>
			<include condition="Skin.HasSetting(Animated.Skin)">WindowOpenCloseAnimationAnimated</include>
			<top>64</top>
			<control type="image">
				<top>334</top>
				<width>100%</width>
				<height>820</height>
				<texture colordiffuse="$VAR[ThemeLabelColor]">floor.png</texture>
			</control>
			<control type="image">
				<left>762</left>
				<top>894</top>
				<width>400</width>
				<height>130</height>
				<texture fallback="barroni-nox-logo.png">$INFO[Skin.String(Aeon_Nox_Logo)]</texture>
			</control>
			<include>SystemPanel</include>
			<control type="group">
				<visible>!Window.IsActive(script-skinshortcuts.xml)</visible>
				<control type="list" id="9000">
					<left>81</left>
					<top>32</top>
					<width>356</width>
					<height>810</height>
					<onleft>SetProperty(MediaMenu,True,Home)</onleft>
					<onleft>SetFocus(9050)</onleft>
					<onright>9010</onright>
					<onup>9000</onup>
					<ondown>9000</ondown>
					<pagecontrol />
					<scrolltime tween="quadratic" easing="out">200</scrolltime>
					<visible>!Window.IsActive(1140) + !Window.IsActive(1117)</visible>
					<include>SettingsFadeAnimation</include>
					<itemlayout height="81" width="356">
						<control type="label">
							<width>356</width>
							<height>81</height>
							<font>font15</font>
							<textoffsetx>20</textoffsetx>
							<textcolor>grey</textcolor>
							<label>$INFO[ListItem.Label]</label>
						</control>
					</itemlayout>
					<focusedlayout height="81" width="356">
						<control type="image">
							<width>356</width>
							<height>81</height>
							<texture colordiffuse="$VAR[HighlightBarColor]" border="4">listselect_fo.png</texture>
							<animation effect="fade" start="100" end="40" time="300" tween="sine" easing="inout" condition="!Control.HasFocus(9000)">Conditional</animation>
						</control>
						<control type="label">
							<width>356</width>
							<height>81</height>
							<font>font15</font>
							<textoffsetx>20</textoffsetx>
							<label>$INFO[ListItem.Label]</label>
						</control>
					</focusedlayout>
					<content>
						<item id="9">
							<label>31445</label>
							<icon />
							
						</item>
						<item id="1">
							<label>513</label>
							<icon />
							
						</item>
						<item id="21">
							<label>Settings Window</label>
							<icon />
							
						</item>
						<item id="23">
							<label>Dialog Back panels</label>
							<icon />
							
						</item>
						<item id="14">
							<label>Home Menu Bar </label>
							<icon />
							
							<visible>!String.IsEqual(Skin.String(MainMenu.Layout),vertical)</visible>
						</item>
						<item id="24">
							<label>Home Menu Music </label>
							<icon />
						</item>
						<item id="16">
							<label>Home Menu Bar </label>
							<icon />
							
							<visible>String.IsEqual(Skin.String(MainMenu.Layout),vertical)</visible>
						</item>
						<item id="18">
							<label>Vertical Menu Panels</label>
							<icon />
							
							<visible>String.IsEqual(Skin.String(MainMenu.Layout),vertical)</visible>
							<visible>!Skin.HasSetting(Disable.Home.Menu.Bar.Vertical)</visible>
						</item>
						<item id="6">
							<label>31365</label>
							<icon />
							
						</item>
						<item id="2">
							<label>16000</label>
							<icon />
							
						</item>
						<item id="11">
							<label>Icons</label>
							<icon />
							
						</item>
						<item id="19">
							<label>Skin Colors</label>
							<icon />
							
						</item>
						<item id="12">
							<label>Backgrounds</label>
							<icon />
							
						</item>
						<item id="13">
							<label>Animations</label>
							<icon />
							
						</item>
						<item id="4">
							<label>10038</label>
							<icon />
							
						</item>
						<item id="8">
							<label>31155</label>
							<icon />
							
						</item>
						<item id="3">
							<label>31014</label>
							<icon />
							
						</item>
						<item id="5">
							<label>SiLVO $LOCALIZE[31014]</label>
							<icon />
							
						</item>
						<item id="7">
							<label>10043</label>
							<icon />
							
						</item>
						<item id="10">
							<label>Restore Skin</label>
							<icon />
							
						</item>
						<item id="17">
							<label>Developer Mode</label>
							<icon />
						</item>
						<item id="20">
							<label>Contact Information</label>
							<onclick>SetProperty(FAQ,True)</onclick>
							<onclick>SetProperty(TextViewerHeader,[B]FAQ[/B],Home)</onclick>
							<onclick>ActivateWindow(1167)</onclick>
						</item>
						<item id="22">
							<label>Credits</label>
							<onclick>ActivateWindow(1168)</onclick>
						</item>
					</content>
				</control>
				<control type="group" id="9010">
					<visible>!Window.IsActive(1140) + !Window.IsActive(1117)</visible>
					<include>SettingsFadeAnimation</include>
					<control type="grouplist" id="9009">
						<left>437</left>
						<top>32</top>
						<width>1401</width>
						<height>810</height>
						<pagecontrol>60</pagecontrol>
						<onleft>9000</onleft>
						<onright>60</onright>
						<onup>9009</onup>
						<ondown>9009</ondown>
						<visible>Container(9000).HasFocus(9)</visible>
						<control type="label">
							<include>SettingsButtonCommonValues</include>
							<label>Main Menu Settings</label>
							<textcolor>$VAR[ThemeHomeLabelColor]</textcolor>
						</control>
						<control type="image" id="1176">
							<width>1401</width>
							<height>1</height>
							<texture colordiffuse="$VAR[ThemeLabelColor]">new_pvr/osd_line_white.png</texture>
						</control>
						<control type="button" id="1000">
							<include>SettingsButtonCommonValues</include>
							<label>31911</label>
							<onclick>RunScript(script.skinshortcuts,type=manage&amp;group=mainmenu)</onclick>
						</control>
						<control type="button" id="1001">
							<include>SettingsButtonCommonValues</include>
							<label>31913</label>
							<label2>[COLOR $VAR[ThemeLabelColor]]$VAR[centermainmenuVar][/COLOR]</label2>
							<onclick>Skin.ToggleSetting(centermainmenu)</onclick>
							<visible>!String.IsEqual(Skin.String(MainMenu.Layout),vertical)</visible>
						</control>
						<control type="button" id="1002">
							<include>SettingsButtonCommonValues</include>
							<label>31928</label>
							<label2>[COLOR $VAR[ThemeLabelColor]]$VAR[MainMenuLayoutVar][/COLOR]</label2>
							<onclick>SetProperty(CustomSelectMainMenuLayout,True)</onclick>
							<onclick>ActivateWindow(1129)</onclick>
						</control>
						<control type="button" id="1003">
							<include>SettingsButtonCommonValues</include>
							<label>$LOCALIZE[31603]</label>
							<label2>[COLOR $VAR[ThemeLabelColor]]$VAR[HomeMenuNavVar][/COLOR]</label2>
							<onclick>Skin.ToggleSetting(HomeMenuNavVar)</onclick>
						</control>

<!-- Removed option of rss feed position for now my mods -->

<!-- 						<control type="button" id="1005">
							<include>SettingsButtonCommonValues</include>
							<label>$LOCALIZE[13305]</label>
							<label2>[COLOR $VAR[ThemeLabelColor]]$VAR[HorizontalRSSLabelOnclickVar][/COLOR]</label2>
							<onclick>$VAR[HorizontalRSSPositionOnclickVar]</onclick>
							<visible>System.GetBool(lookandfeel.enablerssfeeds) + !String.IsEqual(Skin.String(MainMenu.Layout),vertical)</visible>
						</control> -->

<!-- Removed option to adjust the system bar due to overlap on widgets when menu is centered  my mods-->

<!-- 						<control type="radiobutton" id="1007">
							<include>SettingsButtonCommonValues</include>
							<label>$LOCALIZE[31498]</label>
							<onclick>Skin.ToggleSetting(SystemBarOnTop)</onclick>
							<selected>Skin.HasSetting(SystemBarOnTop)</selected>
							<visible>![System.GetBool(lookandfeel.enablerssfeeds) + String.IsEqual(Skin.String(HorizontalRSSPosition),high)]</visible>
							<visible>!String.IsEqual(Skin.String(MainMenu.Layout),vertical)</visible>
						</control> -->
					
<!--Removed RSS feed location option-->

<!-- 						<control type="button" id="1009">
							<include>SettingsButtonCommonValues</include>
							<label>$LOCALIZE[31220]</label>
							<label2>[COLOR $VAR[ThemeLabelColor]]$VAR[VerticalMenuRSSLabelVar][/COLOR]</label2>
							<onclick>$VAR[VerticalMenuRSSPositionVar]</onclick>
							<visible>system.getbool(lookandfeel.enablerssfeeds) + String.IsEqual(Skin.String(MainMenu.Layout),vertical)</visible>
						</control> -->
<!-- 						<control type="button" id="1010">
							<include>SettingsButtonCommonValues</include>
							<label>$LOCALIZE[31280]</label>
							<label2>[COLOR $VAR[ThemeLabelColor]]$VAR[VerticalMenuSystemBarPositionLabelVar][/COLOR]</label2>
							<onclick>$VAR[VerticalMenuSystemBarPositionVar]</onclick>
							<visible>String.IsEqual(Skin.String(MainMenu.Layout),vertical) + !system.getbool(lookandfeel.enablerssfeeds)</visible>
						</control> -->
						<control type="button" id="1012">
							<include>SettingsButtonCommonValues</include>
							<label>31978</label>
							<onclick>Skin.ResetSettings</onclick>
						</control>
					</control>
					<control type="grouplist" id="9001">
						<left>437</left>
						<top>32</top>
						<width>1401</width>
						<height>810</height>
						<pagecontrol>60</pagecontrol>
						<onleft>9000</onleft>
						<onright>60</onright>
						<onup>9001</onup>
						<ondown>9001</ondown>
						<visible>Container(9000).HasFocus(1)</visible>
						<control type="label">
							<include>SettingsButtonCommonValues</include>
							<label>Home Window Settings</label>
							<textcolor>$VAR[ThemeHomeLabelColor]</textcolor>
						</control>
						<control type="image" id="1177">
							<width>1401</width>
							<height>1</height>
							<texture colordiffuse="$VAR[ThemeLabelColor]">new_pvr/osd_line_white.png</texture>
						</control>
						<control type="radiobutton" id="1004">
							<include>SettingsButtonCommonValues</include>
							<label>$LOCALIZE[31436]</label>
							<onclick>Skin.ToggleSetting(CenteredInfoLine)</onclick>
							<selected>Skin.HasSetting(CenteredInfoLine)</selected>
							<visible>!String.IsEqual(Skin.String(MainMenu.Layout),vertical)</visible>
							<visible>!Skin.HasSetting(disable.system.bar)</visible>
						</control>
						<control type="radiobutton" id="1008">
							<include>SettingsButtonCommonValues</include>
							<label>$LOCALIZE[31157]</label>
							<onclick>Skin.ToggleSetting(Enable.VisibleSubmenu)</onclick>
							<selected>Skin.HasSetting(Enable.VisibleSubmenu)</selected>
							<visible>!String.IsEqual(Skin.String(MainMenu.Layout),vertical)</visible>
						</control>
						<control type="radiobutton" id="1006">
							<include>SettingsButtonCommonValues</include>
							<label>Disable System Bar</label>
							<onclick>Skin.ToggleSetting(disable.system.bar)</onclick>
							<selected>Skin.HasSetting(disable.system.bar)</selected>
							<!-- <visible>!String.IsEqual(Skin.String(MainMenu.Layout),vertical)</visible> -->
						</control>
						<control type="radiobutton" id="2020">
							<include>SettingsButtonCommonValues</include>
							<label>Disable Submenu back panel</label>
							<onclick>Skin.ToggleSetting(disable.submenu.bar)</onclick>
							<selected>Skin.HasSetting(disable.submenu.bar)</selected>
							<visible>!String.IsEqual(Skin.String(MainMenu.Layout),vertical)</visible>
						</control>
						<control type="radiobutton" id="1011">
							<include>SettingsButtonCommonValues</include>
							<label>$LOCALIZE[31158]</label>
							<onclick>Skin.ToggleSetting(Disable.SearchButton)</onclick>
							<selected>Skin.HasSetting(Disable.SearchButton)</selected>
							<visible>System.HasAddon(script.globalsearch)</visible>
						</control>
						<control type="radiobutton" id="1013">
							<include>SettingsButtonCommonValues</include>
							<label>$LOCALIZE[31154]</label>
							<onclick>Skin.ToggleSetting(Enable.ArtistSlideshowOnHome)</onclick>
							<selected>Skin.HasSetting(Enable.ArtistSlideshowOnHome)</selected>
							<visible>System.HasAddon(script.artistslideshow)</visible>
						</control>
						<control type="radiobutton" id="1014">
							<include>SettingsButtonCommonValues</include>
							<label>$LOCALIZE[31446]</label>
							<onclick>Skin.ToggleSetting(Home.Hide)</onclick>
							<selected>Skin.HasSetting(Home.Hide)</selected>
						</control>
						<control type="radiobutton" id="1015">
							<include>SettingsButtonCommonValues</include>
							<label>$LOCALIZE[31343]</label>
							<onclick>Skin.ToggleSetting(Disable.FanartTitle)</onclick>
							<selected>!Skin.HasSetting(Disable.FanartTitle)</selected>
						</control>
						<control type="radiobutton" id="1016">
							<include>SettingsButtonCommonValues</include>
							<label>20083</label>
							<onclick>Skin.ToggleSetting(Disable.Musicinfo)</onclick>
							<selected>!Skin.HasSetting(Disable.Musicinfo)</selected>
						</control>
						<control type="radiobutton" id="1017">
							<include>SettingsButtonCommonValues</include>
							<label>20176</label>
							<onclick>Skin.ToggleSetting(Disable.Videoinfo)</onclick>
							<selected>!Skin.HasSetting(Disable.Videoinfo)</selected>
						</control>
					</control>
					<control type="grouplist" id="9002">
						<left>437</left>
						<top>32</top>
						<width>1401</width>
						<height>810</height>
						<pagecontrol>60</pagecontrol>
						<onleft>9000</onleft>
						<onright>60</onright>
						<onup>9002</onup>
						<ondown>9002</ondown>
						<visible>Container(9000).HasFocus(2)</visible>
						<control type="label">
							<include>SettingsButtonCommonValues</include>
							<label>General Settings</label>
							<textcolor>$VAR[ThemeHomeLabelColor]</textcolor>
						</control>
						<control type="image" id="1178">
							<width>1401</width>
							<height>1</height>
							<texture colordiffuse="$VAR[ThemeLabelColor]">new_pvr/osd_line_white.png</texture>
						</control>
						<control type="button" id="1023">
							<include>SettingsButtonCommonValues</include>
							<label>31371</label>
							<label2>[COLOR $VAR[ThemeLabelColor]]$VAR[ViewPlotLocalizeVar][/COLOR]</label2>
							<onclick>Skin.ToggleSetting(ViewInfoPlotToggle)</onclick>
						</control>
						<control type="radiobutton" id="1024">
							<include>SettingsButtonCommonValues</include>
							<label>20189</label>
							<onclick>Skin.ToggleSetting(Enable.AutoScroll)</onclick>
							<selected>Skin.HasSetting(Enable.AutoScroll)</selected>
						</control>
						<control type="radiobutton" id="1025">
							<include>SettingsButtonCommonValues</include>
							<label>31124</label>
							<onclick>Skin.ToggleSetting(Disable.ShowBackgroundVideo)</onclick>
							<selected>!Skin.HasSetting(Disable.ShowBackgroundVideo)</selected>
						</control>
						<control type="radiobutton" id="1026">
							<include>SettingsButtonCommonValues</include>
							<label>31125</label>
							<onclick>Skin.ToggleSetting(Disable.ShowBackgroundVis)</onclick>
							<selected>!Skin.HasSetting(Disable.ShowBackgroundVis)</selected>
						</control>
						<control type="radiobutton" id="1027">
							<include>SettingsButtonCommonValues</include>
							<label>$LOCALIZE[31291]</label>
							<onclick>Skin.ToggleSetting(Disable.ScrollLabel)</onclick>
							<selected>Skin.HasSetting(Disable.ScrollLabel)</selected>
						</control>
						<control type="radiobutton" id="1028">
							<include>SettingsButtonCommonValues</include>
							<label>$LOCALIZE[31218]</label>
							<onclick>Skin.ToggleSetting(MusicDiscFallback.Vinyl)</onclick>
							<selected>Skin.HasSetting(MusicDiscFallback.Vinyl)</selected>
						</control>
					</control>
					<control type="grouplist" id="9003">
						<left>437</left>
						<top>32</top>
						<width>1401</width>
						<height>810</height>
						<pagecontrol>60</pagecontrol>
						<onleft>9000</onleft>
						<onright>60</onright>
						<onup>9003</onup>
						<ondown>9003</ondown>
						<visible>Container(9000).HasFocus(3)</visible>
						<control type="label">
							<include>SettingsButtonCommonValues</include>
							<label>Extra Settings</label>
							<textcolor>$VAR[ThemeHomeLabelColor]</textcolor>
						</control>
						<control type="image" id="1179">
							<width>1401</width>
							<height>1</height>
							<texture colordiffuse="$VAR[ThemeLabelColor]">new_pvr/osd_line_white.png</texture>
						</control>
						<control type="radiobutton" id="1029">
							<include>SettingsButtonCommonValues</include>
							<label>$LOCALIZE[31282]</label>
							<onclick condition="!System.hasAddon(plugin.barroni.thememusic)">InstallAddon(plugin.barroni.thememusic)</onclick>
							<onclick>Skin.ToggleSetting(Enable.StartupIntro)</onclick>
							<selected>Skin.HasSetting(Enable.StartupIntro)</selected>
						</control>
						<control type="button" id="1030">
							<include>SettingsButtonCommonValues</include>
							<label>Follow the white rabbit!</label>
							<onclick>PlayMedia(http://kodicustombuilds.com/barroni/matrix/matrix.mp4)</onclick>
						</control>

<!-- Startup video path possible update my mods -->

<!-- 						<control type="button" id="1031">
							<include>SettingsButtonCommonValues</include>
							<label>Set Startup Intro Path</label>
							<onclick>Skin.SetString(Startup.Intro.Video)</onclick>
						</control> -->
						<control type="radiobutton" id="1032">
							<include>SettingsButtonCommonValues</include>
							<label>31083</label>
							<onclick>Skin.ToggleSetting(Disable.NextAired)</onclick>
							<selected>!Skin.HasSetting(Disable.NextAired)</selected>
							<visible>System.HasAddon(script.tv.show.next.aired)</visible>
						</control>
						<control type="radiobutton" id="1033">
							<include>SettingsButtonCommonValues</include>
							<label>$LOCALIZE[31486]</label>
							<onclick>Skin.ToggleSetting(Disable.VideoLyrics)</onclick>
							<selected>!Skin.HasSetting(Disable.VideoLyrics)</selected>
							<visible>System.HasAddon(script.cu.lrclyrics)</visible>
						</control>
						<control type="radiobutton" id="1034">
							<include>SettingsButtonCommonValues</include>
							<label>$LOCALIZE[31121]</label>
							<onclick condition="!System.HasAddon(plugin.program.autocompletion)">InstallAddon(plugin.program.autocompletion)</onclick>
							<onclick condition="System.HasAddon(plugin.program.autocompletion)">Skin.ToggleSetting(Enable.Autocomplete)</onclick>
							<selected>Skin.HasSetting(Enable.Autocomplete)</selected>
						</control>
						<control type="button" id="1035">
							<include>SettingsButtonCommonValues</include>
							<label>   - $LOCALIZE[5]</label>
							<onclick>Addon.OpenSettings(plugin.program.autocompletion)</onclick>
							<visible>Skin.HasSetting(Enable.Autocomplete) + System.HasAddon(plugin.program.autocompletion)</visible>
						</control>
						<control type="button" id="1036">
							<include>SettingsButtonCommonValues</include>
							<label>31015</label>
							<label2>[COLOR $VAR[ThemeLabelColor]]$INFO[Skin.String(VideoGenreFanartPath)][/COLOR]</label2>
							<onclick>Skin.SetPath(VideoGenreFanartPath)</onclick>
						</control>
						<control type="button" id="1037">
							<include>SettingsButtonCommonValues</include>
							<label>   - $LOCALIZE[13007]</label>
							<onclick>Skin.Reset(VideoGenreFanartPath)</onclick>
							<visible>!String.IsEmpty(Skin.String(VideoGenreFanartPath))</visible>
						</control>
						<control type="button" id="1038">
							<include>SettingsButtonCommonValues</include>
							<label>31017</label>
							<label2>[COLOR $VAR[ThemeLabelColor]]$INFO[Skin.String(MusicGenreFanartPath)][/COLOR]</label2>
							<onclick>Skin.SetPath(MusicGenreFanartPath)</onclick>
						</control>
						<control type="button" id="1039">
							<include>SettingsButtonCommonValues</include>
							<label>   - $LOCALIZE[13007]</label>
							<onclick>Skin.Reset(MusicGenreFanartPath)</onclick>
							<visible>!String.IsEmpty(Skin.String(MusicGenreFanartPath))</visible>
						</control>
					</control>
					<control type="grouplist" id="9004">
						<left>437</left>
						<top>32</top>
						<width>1401</width>
						<height>810</height>
						<pagecontrol>60</pagecontrol>
						<onleft>9000</onleft>
						<onright>60</onright>
						<onup>9004</onup>
						<ondown>9004</ondown>
						<visible>Container(9000).HasFocus(4)</visible>
						<control type="label">
							<include>SettingsButtonCommonValues</include>
							<label>Advanced Settings</label>
							<textcolor>$VAR[ThemeHomeLabelColor]</textcolor>
						</control>
						<control type="image" id="1180">
							<width>1401</width>
							<height>1</height>
							<texture colordiffuse="$VAR[ThemeLabelColor]">new_pvr/osd_line_white.png</texture>
						</control>
						<control type="button" id="1040">
							<include>SettingsButtonCommonValues</include>
							<label>31939</label>
							<label2>[COLOR $VAR[ThemeLabelColor]]$VAR[InfoPanelDelayLocalizeVar][/COLOR]</label2>
							<onclick condition="Skin.HasSetting(Enable.ManualInfoPanel)">Skin.Reset(Enable.ManualInfoPanel)</onclick>
							<onclick>$VAR[InfoPanelDelayOnClickVar]</onclick>
						</control>
						<control type="radiobutton" id="1041">
							<include>SettingsButtonCommonValues</include>
							<label>31941</label>
							<onclick>SetProperty(OfferReloadAfterConfirm,True,Home)</onclick>
							<onclick>ActivateWindow(1126)</onclick>
							<selected>Skin.HasSetting(KioskMode.Enabled)</selected>
						</control>
						<control type="button" id="1042">
							<include>SettingsButtonCommonValues</include>
							<label>31943</label>
							<onclick>ActivateWindow(1127)</onclick>
						</control>
						<control type="button" id="1043">
							<include>SettingsButtonCommonValues</include>
							<label>31094</label>
							<label2>[COLOR $VAR[ThemeLabelColor]]$VAR[SlimListSettingVar][/COLOR]</label2>
							<onclick>Skin.ToggleSetting(Enable.SlimList)</onclick>
						</control>
						<control type="radiobutton" id="1044">
							<include>SettingsButtonCommonValues</include>
							<label>31961</label>
							<onclick>Skin.ToggleSetting(Enable.HideRatings)</onclick>
							<selected>Skin.HasSetting(Enable.HideRatings)</selected>
						</control>
						<control type="radiobutton" id="1045">
							<include>SettingsButtonCommonValues</include>
							<label>$LOCALIZE[31283]</label>
							<onclick>Skin.ToggleSetting(Enable.AutoOpenMediaMenuOnMouseOver)</onclick>
							<selected>Skin.HasSetting(Enable.AutoOpenMediaMenuOnMouseOver)</selected>
							<visible>system.getbool(input.enablemouse)</visible>
						</control>
					</control>
					<control type="grouplist" id="9005">
						<left>437</left>
						<top>32</top>
						<width>1401</width>
						<height>810</height>
						<pagecontrol>60</pagecontrol>
						<onleft>9000</onleft>
						<onright>60</onright>
						<onup>9005</onup>
						<ondown>9005</ondown>
						<visible>Container(9000).HasFocus(5)</visible>
						<control type="label">
							<include>SettingsButtonCommonValues</include>
							<label>SiLVO $LOCALIZE[31014]</label>
							<textcolor>$VAR[ThemeHomeLabelColor]</textcolor>
						</control>
						<control type="image" id="1180">
							<width>1401</width>
							<height>1</height>
							<texture colordiffuse="$VAR[ThemeLabelColor]">new_pvr/osd_line_white.png</texture>
						</control>
						<control type="button" id="1046">
							<include>SettingsButtonCommonValues</include>
							<label>$LOCALIZE[31219]</label>
							<label2>[COLOR $VAR[ThemeLabelColor]]$VAR[LanguageFlagsLabelVar][/COLOR]</label2>
							<onclick>SetProperty(CustomSelectLanguageFlags,True)</onclick>
							<onclick>ActivateWindow(1129)</onclick>
						</control>
						<control type="radiobutton" id="1047">
							<include>SettingsButtonCommonValues</include>
							<onclick>Skin.ToggleSetting(Enable.Set.LiveBackground)</onclick>
							<selected>Skin.HasSetting(Enable.Set.LiveBackground)</selected>
							<label>$LOCALIZE[31164]</label>
						</control>
						<control type="radiobutton" id="1048">
							<include>SettingsButtonCommonValues</include>
							<onclick>Skin.ToggleSetting(Enable.HourMinuteDuration)</onclick>
							<selected>Skin.HasSetting(Enable.HourMinuteDuration)</selected>
							<label>$LOCALIZE[31194]</label>
						</control>
						<control type="radiobutton" id="1049">
							<include>SettingsButtonCommonValues</include>
							<label>$LOCALIZE[31975]</label>
							<onclick condition="System.HasAddon(resource.images.studios.coloured)">Skin.ToggleSetting(coloredflags)</onclick>
							<onclick condition="!System.HasAddon(resource.images.studios.coloured)">InstallAddon(resource.images.studios.coloured)</onclick>
							<selected>Skin.HasSetting(coloredflags)</selected>
						</control>
						<control type="radiobutton" id="1050">
							<include>SettingsButtonCommonValues</include>
							<label>$LOCALIZE[31972]</label>
							<onclick>Skin.ToggleSetting(launchmusicfullscreen)</onclick>
							<selected>Skin.HasSetting(launchmusicfullscreen)</selected>
						</control>
						<control type="radiobutton" id="1051">
							<include>SettingsButtonCommonValues</include>
							<label>$LOCALIZE[31191]</label>
							<onclick>Skin.ToggleSetting(Enable.CasesLiveBG)</onclick>
							<selected>Skin.HasSetting(Enable.CasesLiveBG)</selected>
						</control>
						<control type="button" id="1052">
							<include>SettingsButtonCommonValues</include>
							<label>$LOCALIZE[31974]</label>
							<onclick>Skin.ToggleSetting(useclearcases)</onclick>
							<label2>[COLOR $VAR[ThemeLabelColor]]$VAR[SelectCaseVar][/COLOR]</label2>
						</control>
					</control>
					<control type="grouplist" id="9006">
						<left>437</left>
						<top>32</top>
						<width>1401</width>
						<height>810</height>
						<pagecontrol>60</pagecontrol>
						<onleft>9000</onleft>
						<onright>60</onright>
						<onup>9006</onup>
						<ondown>9006</ondown>
						<visible>Container(9000).HasFocus(6)</visible>
						<control type="label">
							<include>SettingsButtonCommonValues</include>
							<label>Customization Settings</label>
							<textcolor>$VAR[ThemeHomeLabelColor]</textcolor>
						</control>
						<control type="image" id="1181">
							<width>1401</width>
							<height>1</height>
							<texture colordiffuse="$VAR[ThemeLabelColor]">new_pvr/osd_line_white.png</texture>
						</control>
						<control type="button" id="1053">
							<include>SettingsButtonCommonValues</include>
							<label>$LOCALIZE[31375]</label>
							<onclick>ActivateWindow(1115)</onclick>
						</control>
						<control type="button" id="1054">
							<include>SettingsButtonCommonValues</include>
							<label>$LOCALIZE[31376]</label>
							<onclick>ActivateWindow(1120)</onclick>
						</control>
						<control type="button" id="1055">
							<include>SettingsButtonCommonValues</include>
							<label>$LOCALIZE[31465]</label>
							<onclick>ActivateWindow(1114)</onclick>
						</control>
						<control type="button" id="1056">
							<include>SettingsButtonCommonValues</include>
							<label>$LOCALIZE[31502]</label>
							<onclick>ActivateWindow(1150)</onclick>
						</control>
						<control type="image" id="1057">
							<width>1401</width>
							<height>1</height>
							<texture colordiffuse="$VAR[ThemeLabelColor]">new_pvr/osd_line_white.png</texture>
						</control>
					</control>
					<control type="grouplist" id="9008">
						<left>437</left>
						<top>32</top>
						<width>1401</width>
						<height>810</height>
						<pagecontrol>60</pagecontrol>
						<onleft>9000</onleft>
						<onright>60</onright>
						<onup>9008</onup>
						<ondown>9008</ondown>
						<visible>Container(9000).HasFocus(8)</visible>
						<control type="label">
							<include>SettingsButtonCommonValues</include>
							<label>Widget Settings</label>
							<textcolor>$VAR[ThemeHomeLabelColor]</textcolor>
						</control>
						<control type="image" id="1182">
							<width>1401</width>
							<height>1</height>
							<texture colordiffuse="$VAR[ThemeLabelColor]">new_pvr/osd_line_white.png</texture>
						</control>
						<control type="button" id="8001">
							<label>31736</label>
							<label2>[COLOR $VAR[ThemeLabelColor]]$VAR[WidgetTransLabelVar]%[/COLOR]</label2>
							<onclick>SetProperty(CustomSelectWidgetOpacity,True)</onclick>
							<onclick>ActivateWindow(1129)</onclick>
							<include>SettingsButtonCommonValues</include>
						</control>
						<control type="radiobutton" id="1058">
							<label>31737</label>
							<onclick>Skin.ToggleSetting(Enable.GlobalWidgetBack)</onclick>
							<selected>Skin.HasSetting(Enable.GlobalWidgetBack)</selected>
							<include>SettingsButtonCommonValues</include>
						</control>
						<control type="button" id="1059">
							<label>   - $LOCALIZE[31702]</label>
							<label2>[COLOR $VAR[ThemeLabelColor]]$VAR[WidgetBackLabelVar][/COLOR]</label2>
							<visible>Skin.HasSetting(Enable.GlobalWidgetBack)</visible>
							<onclick>SetProperty(CustomSelectWidgetBack,True)</onclick>
							<onclick>ActivateWindow(1129)</onclick>
							<include>SettingsButtonCommonValues</include>
						</control>
						<control type="radiobutton" id="1060">
							<label>31738</label>
							<onclick>Skin.ToggleSetting(Enable.ListWidgetAutoscroll)</onclick>
							<selected>Skin.HasSetting(Enable.ListWidgetAutoscroll)</selected>
							<include>SettingsButtonCommonValues</include>
						</control>
						<control type="button" id="1061">
							<label>31740</label>
							<label2>[COLOR $VAR[ThemeLabelColor]]$VAR[WidgetCaseInfoVar][/COLOR]</label2>
							<onclick>SetProperty(CustomSelectWidgetCaseInfo,True)</onclick>
							<onclick>ActivateWindow(1129)</onclick>
							<include>SettingsButtonCommonValues</include>
						</control>
					</control>
					<control type="grouplist" id="9007">
						<left>437</left>
						<top>25</top>
						<width>1401</width>
						<height>900</height>
						<pagecontrol>60</pagecontrol>
						<onleft>9000</onleft>
						<onright>60</onright>
						<onup>9007</onup>
						<ondown>9007</ondown>
						<visible>Container(9000).HasFocus(7)</visible>
						<usecontrolcoords>true</usecontrolcoords>
						<control type="image" id="1062">
							<left>404</left>
							<top>10</top>
							<width>560</width>
							<height>182</height>
							<texture fallback="barroni-nox-logo.png">$INFO[Skin.String(Aeon_Nox_Logo)]</texture>
						</control>
						<control type="label" id="1063">
							<top>-20</top>
							<width>1401</width>
							<height>30</height>
							<align>center</align>
							<textcolor>grey</textcolor>
							<font>font_skinversion</font>
							<label>$INFO[System.AddonVersion(skin.nahrotvpro),v,]</label>
						</control>
						<control type="group" id="7900">
							<height>148</height>
							<control type="image" id="1064">
								<left>300</left>
								<width>300</width>
								<height>115</height>
								<texture colordiffuse="grey">xbmc-logo.png</texture>
							</control>
							<control type="image" id="1065">
								<left>800</left>
								<width>300</width>
								<height>115</height>
								<aspectratio>keep</aspectratio>
								<texture colordiffuse="grey">libreelec/logo.png</texture>
								<visible>System.HasAddon(service.libreelec.settings) | !System.HasAddon(service.coreelec.settings)</visible>
							</control>
							<control type="image" id="1066">
								<left>800</left>
								<width>300</width>
								<height>115</height>
								<aspectratio>keep</aspectratio>
								<texture colordiffuse="grey">coreelec/logo.png</texture>
								<visible>System.HasAddon(service.coreelec.settings)</visible>
							</control>
						</control>
						<control type="label" id="1067">
							<top>-35</top>
							<width>1401</width>
							<height>97</height>
							<textoffsetx>30</textoffsetx>
							<align>center</align>
							<textcolor>grey</textcolor>
							<font>font_kodiversion</font>
							<label>$VAR[KodiVersionLabelVar]</label>
						</control>
						<control type="image" id="1068">
							<top>-2</top>
							<width>1401</width>
							<height>2</height>
							<texture colordiffuse="$VAR[ThemeLabelColor]">new_pvr/osd_line_white.png</texture>
						</control>
						<control type="button" id="1069">
							<include>SettingsButtonCommonValues</include>
							<align>center</align>
							<label>$LOCALIZE[31337]</label>
							<onclick>ActivateWindow(1117)</onclick>
						</control>
						<control type="button" id="1070">
							<include>SettingsButtonCommonValues</include>
							<align>center</align>
							<label>$LOCALIZE[31338]</label>
							<onclick>ToggleDebug</onclick>
						</control>
						<control type="button" id="1071">
							<include>SettingsButtonCommonValues</include>
							<align>center</align>
							<label>$LOCALIZE[31339]</label>
							<onclick>Skin.ToggleDebug</onclick>
						</control>
						<control type="button" id="1072">
							<include>SettingsButtonCommonValues</include>
							<align>center</align>
							<label>$LOCALIZE[31403]</label>
							<onclick>SetProperty(ResetSkinSettings,True,Home)</onclick>
							<onclick>ActivateWindow(1126)</onclick>
							
						</control>
						<control type="button" id="1073">
							<include>SettingsButtonCommonValues</include>
							<align>center</align>
							<label>FAQ</label>
							<onclick>SetProperty(FAQ,True)</onclick>
							<onclick>SetProperty(TextViewerHeader,[B]FAQ[/B],Home)</onclick>
							<onclick>ActivateWindow(1112)</onclick>
						</control>
					</control>
					<control type="grouplist" id="9011">
						<left>437</left>
						<top>32</top>
						<width>1401</width>
						<height>810</height>
						<pagecontrol>60</pagecontrol>
						<onleft>9000</onleft>
						<onright>60</onright>
						<onup>9011</onup>
						<ondown>9011</ondown>
						<visible>Container(9000).HasFocus(10)</visible>
						<control type="button" id="1074">
							<include>SettingsButtonCommonValues</include>
							<align>center</align>
							<label>Restore skin to default</label>
							<onclick>SetProperty(ResetSkinSettings,True,Home)</onclick>
							<onclick>ActivateWindow(1126)</onclick>
							
						</control>
						<control type="image" id="1187">
							<width>1401</width>
							<height>1</height>
							<texture colordiffuse="$VAR[ThemeLabelColor]">new_pvr/osd_line_white.png</texture>
						</control>
					</control>

<!-- Icon settings (home menu) my mods -->

					<control type="grouplist" id="9012">
						<left>437</left>
						<top>32</top>
						<width>1401</width>
						<height>810</height>
						<pagecontrol>60</pagecontrol>
						<onleft>9000</onleft>
						<onright>60</onright>
						<onup>9012</onup>
						<ondown>9012</ondown>
						<visible>Container(9000).HasFocus(11)</visible>
						<control type="label">
							<include>SettingsButtonCommonValues</include>
							<label>Icon Settings</label>
							<textcolor>$VAR[ThemeHomeLabelColor]</textcolor>
						</control>
						<control type="image" id="1075">
							<width>1401</width>
							<height>1</height>
							<texture colordiffuse="$VAR[ThemeLabelColor]">new_pvr/osd_line_white.png</texture>
						</control>
						<control type="button" id="1076">
							<include>SettingsButtonCommonValues</include>
							<label>Change icon settings</label>
							<onclick>ActivateWindow(1170)</onclick>
						</control>
					</control>

<!-- Backgrounds (home menu) my mods -->

					<control type="grouplist" id="9013">
						<left>437</left>
						<top>32</top>
						<width>1401</width>
						<height>810</height>
						<pagecontrol>60</pagecontrol>
						<onleft>9000</onleft>
						<onright>60</onright>
						<onup>9012</onup>
						<ondown>9012</ondown>
						<visible>Container(9000).HasFocus(12)</visible>
						<control type="label" id="10000">
							<include>SettingsButtonCommonValues</include>
							<label>Global Background</label>
							<textcolor>$VAR[ThemeHomeLabelColor]</textcolor>
						</control>
						<control type="image" id="1100">
							<width>1401</width>
							<height>1</height>
							<texture colordiffuse="$VAR[ThemeLabelColor]">new_pvr/osd_line_white.png</texture>
						</control>
						<control type="button" id="1101">
							<include>SettingsButtonCommonValues</include>
							<label>$LOCALIZE[31192]</label>
							<onclick>SetProperty(CustomSelectDefaultBackground,True)</onclick>
							<onclick>ActivateWindow(1129)</onclick>
						</control>
						<control type="button" id="1102">
							<include>SettingsButtonCommonValues</include>
							<label>$LOCALIZE[13007]</label>
							<onclick>Skin.Reset(CustomDefaultBackground.path)</onclick>
						</control>
						<control type="button" id="1170">
							<include>SettingsButtonCommonValues</include>
							<label>Current image path - </label>
							<label2>[COLOR $VAR[ThemeLabelColor]]$INFO[Skin.String(CustomDefaultBackground.path)][/COLOR]</label2>
							<visible>!String.IsEmpty(Skin.String(CustomDefaultBackground.path))</visible>
						</control>
						<control type="button" id="1171">
							<include>SettingsButtonCommonValues</include>
							<label>Current image path - </label>
							<label2>[COLOR $VAR[ThemeLabelColor]]$LOCALIZE[571][/COLOR]</label2>
							<visible>String.IsEmpty(Skin.String(CustomDefaultBackground.path))</visible>
						</control>
						
<!-- Backgrounds (settings menu) my mods -->	
					
<!-- 						<control type="image" id="2000">
							<width>1401</width>
							<height>1</height>
							<texture colordiffuse="$VAR[ThemeLabelColor]">new_pvr/osd_line_white.png</texture>
						</control>
						<control type="label" id="2011">
							<include>SettingsButtonCommonValues</include>
							<label>Settings Background</label>
						</control>
						<control type="image" id="2012">
							<width>1401</width>
							<height>1</height>
							<texture colordiffuse="$VAR[ThemeLabelColor]">new_pvr/osd_line_white.png</texture>
						</control>
						<control type="button" id="2013">
							<description>Fallback</description>
							<include>SettingsButtonCommonValues</include>
							<label>$LOCALIZE[31192]</label>
							<onclick>Skin.Reset(ItemToEdit.MultiFanart)</onclick>
							<onclick>SetProperty(No.Cases,True,Home)</onclick>
							<onclick>$VAR[FallbackBackgroundOnClickVar]</onclick>
							<onclick>ActivateWindow(1122)</onclick>
						</control>
						<control type="button" id="2014">
							<include>SettingsButtonCommonValues</include>
							<label>$LOCALIZE[13007]</label>
							<onclick>Skin.Reset(CustomDefaultBackground.path)</onclick>
						</control>
						<control type="button" id="2015">
							<include>SettingsButtonCommonValues</include>
							<label>Current image path - </label>
							<label2>[COLOR $VAR[ThemeLabelColor]]$INFO[Skin.String(CustomDefaultBackground.path)][/COLOR]</label2>
							<visible>!String.IsEmpty(Skin.String(CustomDefaultBackground.path))</visible>
						</control>
						<control type="button" id="2016">
							<include>SettingsButtonCommonValues</include>
							<label>Current image path - </label>
							<label2>[COLOR $VAR[ThemeLabelColor]]$LOCALIZE[571][/COLOR]</label2>
							<visible>String.IsEmpty(Skin.String(CustomDefaultBackground.path))</visible>
						</control> -->

<!-- Backgrounds (system) my mods -->

<!-- Backgrounds (settings) my mods -->

						<control type="image" id="1104">
							<width>1401</width>
							<height>1</height>
							<texture colordiffuse="$VAR[ThemeLabelColor]">new_pvr/osd_line_white.png</texture>
						</control>
						<control type="label" id="1105">
							<include>SettingsButtonCommonValues</include>
							<label>System Background</label>
							<textcolor>$VAR[ThemeHomeLabelColor]</textcolor>
						</control>
						<control type="image" id="1106">
							<width>1401</width>
							<height>1</height>
							<texture colordiffuse="$VAR[ThemeLabelColor]">new_pvr/osd_line_white.png</texture>
						</control>
						<control type="button" id="1107">
							<description>Fallback</description>
							<include>SettingsButtonCommonValues</include>
							<label>$LOCALIZE[31192]</label>
							<onclick>Skin.Reset(ItemToEdit.MultiFanart)</onclick>
							<onclick>SetProperty(No.Cases,True,Home)</onclick>
							<onclick>$VAR[FallbackBackgroundOnClickVar]</onclick>
							<onclick>ActivateWindow(1122)</onclick>
						</control>
						<control type="button" id="1108">
							<include>SettingsButtonCommonValues</include>
							<label>$LOCALIZE[13007]</label>
							<onclick>Skin.Reset(ItemToEdit.MultiFanart)</onclick>
							<onclick>Skin.Reset(ItemToEdit.BGType)</onclick>
							<onclick>Skin.SetString($INFO[Window(Home).Property(Nox.Temp)],$INFO[Skin.String(ItemToEdit.MultiFanart)])</onclick>
							<onclick>Skin.SetString($INFO[Window(Home).Property(Nox.BGType)],$INFO[Skin.String(ItemToEdit.BGType)])</onclick>
							<onclick>Dialog.Close(1122)</onclick>
						</control>
						<control type="button" id="1172">
							<include>SettingsButtonCommonValues</include>
							<label>Current image path - </label>
							<label2>[COLOR $VAR[ThemeLabelColor]]$INFO[Skin.String(System.Fallback)][/COLOR]</label2>
							<visible>!String.IsEmpty(Skin.String(System.Fallback))</visible>
						</control>
						<control type="button" id="1173">
							<include>SettingsButtonCommonValues</include>
							<label>Current image path - </label>
							<label2>[COLOR $VAR[ThemeLabelColor]]Default[/COLOR]</label2>
							<visible>String.IsEmpty(Skin.String(System.Fallback))</visible>
						</control>
						<control type="image" id="1110">
							<width>1401</width>
							<height>1</height>
							<texture colordiffuse="$VAR[ThemeLabelColor]">new_pvr/osd_line_white.png</texture>
						</control>
						<control type="label" id="1111">
							<include>SettingsButtonCommonValues</include>
							<label>Weather Background</label>
							<textcolor>$VAR[ThemeHomeLabelColor]</textcolor>
						</control>
						<control type="image" id="1112">
							<width>1401</width>
							<height>1</height>
							<texture colordiffuse="$VAR[ThemeLabelColor]">new_pvr/osd_line_white.png</texture>
						</control>
						<control type="button" id="1113">
							<include>SettingsButtonCommonValues</include>
							<label>$LOCALIZE[31470]</label>
							<onclick condition="!System.HasAddon(script.image.resource.select)">InstallAddon(script.image.resource.select)</onclick>
							<onclick condition="System.HasAddon(script.image.resource.select)">RunScript(script.image.resource.select,property=weatherfanart&amp;type=resource.images.weatherfanart)</onclick>
						</control>

<!-- Login backgrounds my mods -->

						<control type="image" id="1114">
							<width>1401</width>
							<height>1</height>
							<texture colordiffuse="$VAR[ThemeLabelColor]">new_pvr/osd_line_white.png</texture>
							<visible>System.HasLoginScreen | Integer.IsGreater(System.ProfileCount,1)</visible>
							<visible>System.Loggedon</visible>
						</control>
						<control type="label" id="1115">
							<include>SettingsButtonCommonValues</include>
							<label>Login Menu</label>
							<textcolor>$VAR[ThemeHomeLabelColor]</textcolor>
							<visible>System.HasLoginScreen | Integer.IsGreater(System.ProfileCount,1)</visible>
							<visible>System.Loggedon</visible>
						</control>
						<control type="image" id="1116">
							<width>1401</width>
							<height>1</height>
							<texture colordiffuse="$VAR[ThemeLabelColor]">new_pvr/osd_line_white.png</texture>
							<visible>System.HasLoginScreen | Integer.IsGreater(System.ProfileCount,1)</visible>
							<visible>System.Loggedon</visible>
						</control>
						<control type="button" id="1117">
							<include>SettingsButtonCommonValues</include>
							<label>$LOCALIZE[31192]</label>
							<onclick>Skin.SetImage(Profiles.Fallback.path)</onclick>
							<visible>System.HasLoginScreen | Integer.IsGreater(System.ProfileCount,1)</visible>
							<visible>System.Loggedon</visible>
						</control>
						<control type="button" id="1118">
							<include>SettingsButtonCommonValues</include>
							<label>Set default background (url or file path)</label>
							<onclick>Skin.SetString(Profiles.Fallback.path)</onclick>
							<visible>System.HasLoginScreen | Integer.IsGreater(System.ProfileCount,1)</visible>
							<visible>System.Loggedon</visible>
						</control>
						<control type="button" id="1119">
							<include>SettingsButtonCommonValues</include>
							<label>Set defaut background (server images)</label>
							<onclick>Skin.SetImage(Profiles.Fallback.path,http://kodicustombuilds.com/Backgrounds/)</onclick>
							<visible>System.HasLoginScreen | Integer.IsGreater(System.ProfileCount,1)</visible>
							<visible>System.Loggedon</visible>
						</control>
						<control type="button" id="1120">
							<include>SettingsButtonCommonValues</include>
							<label>Reset default background image path</label>
							<onclick>Skin.Reset(Profiles.Fallback.path)</onclick>
							<onclick>ReloadSkin()</onclick>
							<visible>String.IsEmpty(Profiles.Fallback.path)</visible>
							<visible>System.HasLoginScreen | Integer.IsGreater(System.ProfileCount,1)</visible>
							<visible>System.Loggedon</visible>
						</control>
						<control type="button" id="1121">
							<include>SettingsButtonCommonValues</include>
							<label>Current image path - </label>
							<label2>[COLOR $VAR[ThemeLabelColor]]$INFO[Skin.String(Profiles.Fallback.path)][/COLOR]</label2>
							<visible>!String.IsEmpty(Skin.String(Profiles.Fallback.path))</visible>
							<visible>System.HasLoginScreen | Integer.IsGreater(System.ProfileCount,1)</visible>
							<visible>System.Loggedon</visible>
						</control>
						<control type="button" id="1175">
							<include>SettingsButtonCommonValues</include>
							<label>Current image path - </label>
							<label2>[COLOR $VAR[ThemeLabelColor]]$LOCALIZE[571][/COLOR]</label2>
							<visible>String.IsEmpty(Skin.String(Profiles.Fallback.path))</visible>
							<visible>System.HasLoginScreen | Integer.IsGreater(System.ProfileCount,1)</visible>
							<visible>System.Loggedon</visible>
						</control>
					</control>

<!-- Animation settings my mods -->

					<control type="grouplist" id="9014">
						<left>437</left>
						<top>32</top>
						<width>1401</width>
						<height>810</height>
						<pagecontrol>60</pagecontrol>
						<onleft>9000</onleft>
						<onright>60</onright>
						<onup>9005</onup>
						<ondown>9005</ondown>
						<visible>Container(9000).HasFocus(13)</visible>
						<control type="label">
							<include>SettingsButtonCommonValues</include>
							<label>Animation Settings</label>
							<textcolor>$VAR[ThemeHomeLabelColor]</textcolor>
						</control>
						<control type="image" id="1183">
							<width>1401</width>
							<height>1</height>
							<texture colordiffuse="$VAR[ThemeLabelColor]">new_pvr/osd_line_white.png</texture>
						</control>
						<control type="radiobutton" id="1122">
							<include>SettingsButtonCommonValues</include>
							<onclick>Skin.ToggleSetting(Enable.AnimatedBackgrounds)</onclick>
							<selected>Skin.HasSetting(Enable.AnimatedBackgrounds)</selected>
							<label>$LOCALIZE[31989]</label>
						</control>
						<control type="radiobutton" id="1123">
							<include>SettingsButtonCommonValues</include>
							<onclick>Skin.ToggleSetting(Animated.Skin)</onclick>
							<selected>Skin.HasSetting(Animated.Skin)</selected>
							<label>Enable animated windows</label>
						</control>
						<control type="radiobutton" id="1124">
							<include>SettingsButtonCommonValues</include>
							<onclick>Skin.ToggleSetting(Animated.Dialog)</onclick>
							<selected>Skin.HasSetting(Animated.Dialog)</selected>
							<label>Enable animated dialogs</label>
						</control>
						<control type="radiobutton" id="1125">
							<include>SettingsButtonCommonValues</include>
							<onclick>Skin.ToggleSetting(Icon.Animation)</onclick>
							<selected>Skin.HasSetting(Icon.Animation)</selected>
							<label>Enable animated icon zoom (home menu)</label>
						</control>
						<control type="radiobutton" id="1126">
							<include>SettingsButtonCommonValues</include>
							<onclick>Skin.ToggleSetting(Icon.Animation.Settings)</onclick>
							<selected>Skin.HasSetting(Icon.Animation.Settings)</selected>
							<label>Enable animated icon zoom (settings menu)</label>
						</control>
						<control type="button" id="1127">
							<include>SettingsButtonCommonValues</include>
							<label>$LOCALIZE[31260]</label>
							<label2>[COLOR $VAR[ThemeLabelColor]]$VAR[FanartTimePerImageLabelVar][/COLOR]</label2>
							<onclick>SetProperty(CustomSelectFanartTimePerImage,True)</onclick>
							<onclick>ActivateWindow(1129)</onclick>
						</control>
						<control type="radiobutton" id="1128">
							<include>SettingsButtonCommonValues</include>
							<label>$LOCALIZE[31313]</label>
							<onclick>Skin.Togglesetting(MakeItSnow)</onclick>
							<onclick>!Skin.Togglesetting(RainLove)</onclick>
							<selected>Skin.HasSetting(MakeItSnow)</selected>
						</control>
						<control type="radiobutton" id="1129">
							<include>SettingsButtonCommonValues</include>
							<label>Let it rain love!</label>
							<onclick>Skin.Togglesetting(RainLove)</onclick>
							<onclick>!Skin.Togglesetting(MakeItSnow)</onclick>
							<selected>Skin.HasSetting(RainLove)</selected>
						</control>
					</control>

<!-- Home menu bar (horizontal) settings my mods -->

					<control type="grouplist" id="9015">
						<left>437</left>
						<top>32</top>
						<width>1401</width>
						<height>810</height>
						<pagecontrol>60</pagecontrol>
						<onleft>9000</onleft>
						<onright>60</onright>
						<onup>9005</onup>
						<ondown>9005</ondown>
						<visible>Container(9000).HasFocus(14)</visible>
						<control type="label" id="1161">
							<include>SettingsButtonCommonValues</include>
							<label>Home Menu Bar Horizontal</label>
							<textcolor>$VAR[ThemeHomeLabelColor]</textcolor>
						</control>
						<control type="image" id="1162">
							<width>1401</width>
							<height>1</height>
							<texture colordiffuse="$VAR[ThemeLabelColor]">new_pvr/osd_line_white.png</texture>
						</control>
						<control type="button" id="1163">
							<include>SettingsButtonCommonValues</include>
							<label>Set home menu bar (local)</label>
							<onclick>Skin.SetImage(homemenubar,path)</onclick>
							<visible>!Skin.HasSetting(Disable.Home.Menu.Bar)</visible>
						</control>
						<control type="button" id="1131">
							<include>SettingsButtonCommonValues</include>
							<label>Set home menu bar (url or file path)</label>
							<onclick>Skin.SetString(homemenubar)</onclick>
							<visible>!Skin.HasSetting(Disable.Home.Menu.Bar)</visible>
						</control>
						<control type="button" id="1132">
							<include>SettingsButtonCommonValues</include>
							<label>Set home menu bar (server images)</label>
							<onclick>Skin.SetImage(homemenubar,http://kodicustombuilds.com/menu_bars/)</onclick>
							<visible>!Skin.HasSetting(Disable.Home.Menu.Bar)</visible>
						</control>
						<control type="radiobutton" id="1133">
							<include>SettingsButtonCommonValues</include>
							<label>Disable home menu bar</label>
							<onclick>Skin.ToggleSetting(Disable.Home.Menu.Bar)</onclick>
							<selected>Skin.HasSetting(Disable.Home.Menu.Bar)</selected>
						</control>
						<control type="radiobutton" id="1134">
							<include>SettingsButtonCommonValues</include>
							<label>Enable gradient fades</label>
							<onclick>Skin.ToggleSetting(Disable.Gradient.Fades)</onclick>
							<selected>Skin.HasSetting(Disable.Gradient.Fades)</selected>
							<visible>!Skin.HasSetting(Disable.Home.Menu.Bar)</visible>
						</control>
						<control type="button" id="1135">
							<include>SettingsButtonCommonValues</include>
							<label>$LOCALIZE[13007]</label>
							<onclick>Skin.Reset(homemenubar)</onclick>
							<onclick>Skin.Reset(Disable.Home.Menu.Bar)</onclick>
							<onclick>Skin.Reset(Disable.Gradient.Fades)</onclick>
						</control>
						<control type="image" id="1136">
							<width>1401</width>
							<height>1</height>
							<texture colordiffuse="$VAR[ThemeLabelColor]">new_pvr/osd_line_white.png</texture>
							<visible>!Skin.HasSetting(Disable.Home.Menu.Bar)</visible>
						</control>
						<control type="button" id="1137">
							<include>SettingsButtonCommonValues</include>
							<label>Current image path - </label>
							<label2>[COLOR $VAR[ThemeLabelColor]]$INFO[Skin.String(homemenubar)][/COLOR]</label2>
							<visible>!String.IsEmpty(Skin.String(homemenubar))</visible>
							<visible>!Skin.HasSetting(Disable.Home.Menu.Bar)</visible>
						</control>
						<control type="button" id="1138">
							<include>SettingsButtonCommonValues</include>
							<label>Current image path - </label>
							<label2>[COLOR $VAR[ThemeLabelColor]]$LOCALIZE[571][/COLOR]</label2>
							<visible>String.IsEmpty(Skin.String(homemenubar))</visible>
							<visible>!Skin.HasSetting(Disable.Home.Menu.Bar)</visible>
						</control>
					</control>

<!-- Home menu bar (vertical) settings my mods -->

					<control type="grouplist" id="9016">
						<left>437</left>
						<top>32</top>
						<width>1401</width>
						<height>810</height>
						<pagecontrol>60</pagecontrol>
						<onleft>9000</onleft>
						<onright>60</onright>
						<onup>9005</onup>
						<ondown>9005</ondown>
						<visible>Container(9000).HasFocus(16)</visible>
						<control type="label" id="1164">
							<include>SettingsButtonCommonValues</include>
							<label>Home Menu Bar Vertical</label>
							<textcolor>$VAR[ThemeHomeLabelColor]</textcolor>
						</control>
						<control type="image" id="1165">
							<width>1401</width>
							<height>1</height>
							<texture colordiffuse="$VAR[ThemeLabelColor]">new_pvr/osd_line_white.png</texture>
						</control>
						<control type="button" id="1139">
							<include>SettingsButtonCommonValues</include>
							<label>Set home menu bar (local)</label>
							<onclick>Skin.SetImage(homemenubar.vertical,path)</onclick>
							<visible>!Skin.HasSetting(Disable.Home.Menu.Bar.Vertical)</visible>
						</control>
						<control type="button" id="1140">
							<include>SettingsButtonCommonValues</include>
							<label>Set home menu bar (url or file path)</label>
							<onclick>Skin.SetString(homemenubar.vertical)</onclick>
							<visible>!Skin.HasSetting(Disable.Home.Menu.Bar.Vertical)</visible>
						</control>
						<control type="button" id="1141">
							<include>SettingsButtonCommonValues</include>
							<label>Set home menu bar (server images)</label>
							<onclick>Skin.SetImage(homemenubar.vertical,http://kodicustombuilds.com/menu_bars/)</onclick>
							<visible>!Skin.HasSetting(Disable.Home.Menu.Bar.Vertical)</visible>
						</control>
						<control type="radiobutton" id="1166">
							<include>SettingsButtonCommonValues</include>
							<label>Disable home menu bar and panels</label>
							<onclick>Skin.ToggleSetting(Disable.Home.Menu.Bar.Vertical)</onclick>
							<selected>Skin.HasSetting(Disable.Home.Menu.Bar.Vertical)</selected>
						</control>
						<control type="button" id="1142">
							<include>SettingsButtonCommonValues</include>
							<label>$LOCALIZE[13007]</label>
							<onclick>Skin.Reset(homemenubar.vertical)</onclick>
							<onclick>Skin.Reset(Disable.Home.Menu.Bar.Vertical)</onclick>
						</control>
						<control type="image" id="1143">
							<width>1401</width>
							<height>1</height>
							<texture colordiffuse="$VAR[ThemeLabelColor]">new_pvr/osd_line_white.png</texture>
							<visible>!Skin.HasSetting(Disable.Home.Menu.Bar.Vertical)</visible>
							<visible>!Skin.HasSetting(Disable.Home.Menu.Bar.Vertical)</visible>
						</control>
						<control type="button" id="1168">
							<include>SettingsButtonCommonValues</include>
							<label>Current image path - </label>
							<label2>[COLOR $VAR[ThemeLabelColor]]$INFO[Skin.String(homemenubar.vertical)][/COLOR]</label2>
							<visible>!String.IsEmpty(Skin.String(homemenubar.vertical))</visible>
							<visible>!Skin.HasSetting(Disable.Home.Menu.Bar.Vertical)</visible>
						</control>
						<control type="button" id="1169">
							<include>SettingsButtonCommonValues</include>
							<label>Current image path - </label>
							<label2>[COLOR $VAR[ThemeLabelColor]]$LOCALIZE[571][/COLOR]</label2>
							<visible>String.IsEmpty(Skin.String(homemenubar.vertical))</visible>
							<visible>!Skin.HasSetting(Disable.Home.Menu.Bar.Vertical)</visible>
						</control>

						<!--Possible update-->

<!-- 						<control type="button" id="1145">
							<include>SettingsButtonCommonValues</include>
							<label>Current image path - default</label>
							<visible>String.IsEmpty(Skin.String(homemenubar.vertical)</visible>
						</control> -->
					</control>
					
<!-- Vertical menu panels my mods -->

					<control type="grouplist" id="9018">
						<left>437</left>
						<top>32</top>
						<width>1401</width>
						<height>810</height>
						<pagecontrol>60</pagecontrol>
						<onleft>9000</onleft>
						<onright>60</onright>
						<onup>9005</onup>
						<ondown>9005</ondown>
						<visible>Container(9000).HasFocus(18)</visible>
						<control type="label">
							<include>SettingsButtonCommonValues</include>
							<label>Vertical Menu Panel Settings</label>
							<textcolor>$VAR[ThemeHomeLabelColor]</textcolor>
						</control>
						<control type="image" id="1184">
							<width>1401</width>
							<height>1</height>
							<texture colordiffuse="$VAR[ThemeLabelColor]">new_pvr/osd_line_white.png</texture>
						</control>
						<control type="button" id="1146">
							<include>SettingsButtonCommonValues</include>
							<label>Set Vertical Menu Panels (local)</label>
							<onclick>Skin.SetImage(vertical.menu.border,path)</onclick>
						</control>
						<control type="button" id="1147">
							<include>SettingsButtonCommonValues</include>
							<label>Set Vertical Panels (url or file path)</label>
							<onclick>Skin.SetString(vertical.menu.border)</onclick>
						</control>
						<control type="button" id="1148">
							<include>SettingsButtonCommonValues</include>
							<label>Set Vertical Panels (server images)</label>
							<onclick>Skin.SetImage(vertical.menu.border,http://kodicustombuilds.com/menu_bars/)</onclick>
						</control>
						<control type="button" id="1149">
							<include>SettingsButtonCommonValues</include>
							<label>$LOCALIZE[13007]</label>
							<onclick>Skin.Reset(vertical.menu.border)</onclick>
						</control>
						<control type="image" id="2021">
							<width>1401</width>
							<height>1</height>
							<texture colordiffuse="$VAR[ThemeLabelColor]">new_pvr/osd_line_white.png</texture>
						</control>
						<control type="button" id="1150">
							<include>SettingsButtonCommonValues</include>
							<label>Current image path - </label>
							<label2>[COLOR $VAR[ThemeLabelColor]]$INFO[Skin.String(vertical.menu.border)][/COLOR]</label2>
							<visible>!String.IsEmpty(Skin.String(vertical.menu.border))</visible>
						</control>
						<control type="button" id="1169">
							<include>SettingsButtonCommonValues</include>
							<label>Current image path - </label>
							<label2>[COLOR $VAR[ThemeLabelColor]]$LOCALIZE[571][/COLOR]</label2>
							<visible>String.IsEmpty(Skin.String(vertical.menu.border))</visible>
						</control>

						<!--Possible update-->

<!-- 						<control type="button" id="1151">
							<include>SettingsButtonCommonValues</include>
							<label>Current image path - default</label>
							<visible>String.IsEmpty(Skin.String(homemenubar.vertical)</visible>
						</control> -->
					</control>

<!-- Developer mode my mods -->

					<control type="grouplist" id="9017">
						<left>437</left>
						<top>32</top>
						<width>1401</width>
						<height>810</height>
						<pagecontrol>60</pagecontrol>
						<onleft>9000</onleft>
						<onright>60</onright>
						<onup>9005</onup>
						<ondown>9005</ondown>
						<visible>Container(9000).HasFocus(17)</visible>
						<control type="label">
							<include>SettingsButtonCommonValues</include>
							<label>Skin Development Settings</label>
							<textcolor>$VAR[ThemeHomeLabelColor]</textcolor>
							<label>Skin </label>
						</control>
						<control type="image" id="1185">
							<width>1401</width>
							<height>1</height>
							<texture colordiffuse="$VAR[ThemeLabelColor]">new_pvr/osd_line_white.png</texture>
						</control>
<!-- 						<control type="button" id="1152">
							<include>SettingsButtonCommonValues</include>
							<label>Unlock developer mode</label>
							<label2>[COLOR red]LOCKED[/COLOR]</label2>
							<onclick>Skin.SetNumeric(dev.code)</onclick>
							<visible>!String.IsEqual(Skin.String(dev.code),1111)</visible>
						</control> -->
<!-- 						<control type="button" id="1153">
							<include>SettingsButtonCommonValues</include>
							<label>Lock developer mode</label>
							<onclick>Skin.Reset(dev.code)</onclick>
							
						</control> -->
						
<!--Possible update-->
						
<!-- 						<control type="button" id="1154">
							<include>SettingsButtonCommonValues</include>
							<label>Enter new lock code </label>
							<onclick>Skin.Reset(dev.code)</onclick>
							
						</control> -->
<!-- 						<control type="button" id="1155">
							<include>SettingsButtonCommonValues</include>
							<label>Developer mode = </label>
							<label2>[COLOR limegreen]UNLOCKED[/COLOR]</label2>
							
						</control> -->
						<control type="radiobutton" id="1156">
							<include>SettingsButtonCommonValues</include>
							<label>Enable Skinning Grid</label>
							<onclick>Skin.ToggleSetting(disable.test.grid)</onclick>
							<selected>Skin.HasSetting(disable.test.grid)</selected>
							
						</control>
						<control type="button" id="1157">
							<include>SettingsButtonCommonValues</include>
							<label>$LOCALIZE[31338]</label>
							<onclick>ToggleDebug</onclick>
							
						</control>
						<control type="button" id="1158">
							<include>SettingsButtonCommonValues</include>
							<label>$LOCALIZE[31339]</label>
							<onclick>Skin.ToggleDebug</onclick>
							
						</control>
					</control>
					<control type="grouplist" id="9019">
						<left>437</left>
						<top>32</top>
						<width>1401</width>
						<height>810</height>
						<pagecontrol>60</pagecontrol>
						<onleft>9000</onleft>
						<onright>60</onright>
						<onup>9005</onup>
						<ondown>9005</ondown>
						<visible>Container(9000).HasFocus(19)</visible>
						<control type="label">
							<include>SettingsButtonCommonValues</include>
							<label>Skin Color Settings</label>
							<textcolor>$VAR[ThemeHomeLabelColor]</textcolor>
							<label>Skin </label>
						</control>
						<control type="image" id="1186">
							<width>1401</width>
							<height>1</height>
							<texture colordiffuse="$VAR[ThemeLabelColor]">new_pvr/osd_line_white.png</texture>
						</control>
						<control type="button" id="1159">
							<include>SettingsButtonCommonValues</include>
							<label>$LOCALIZE[31281]</label>
							<onclick>ActivateWindow(1140)</onclick>
						</control>
						<control type="button" id="1160">
							<include>SettingsButtonCommonValues</include>
							<label>$LOCALIZE[31496]</label>
							<onclick>SetProperty(ResetSkinColors,True,Home)</onclick>
							<onclick>ActivateWindow(1126)</onclick>
						</control>
					</control>
					<control type="grouplist" id="9020">
						<left>437</left>
						<top>32</top>
						<width>1401</width>
						<height>810</height>
						<pagecontrol>60</pagecontrol>
						<onleft>9000</onleft>
						<onright>60</onright>
						<onup>9005</onup>
						<ondown>9005</ondown>
						<visible>Container(9000).HasFocus(21)</visible>
						<control type="label">
							<include>SettingsButtonCommonValues</include>
							<label>Settings Window</label>
							<textcolor>$VAR[ThemeHomeLabelColor]</textcolor>
							<label>Skin </label>
						</control>
						<control type="image" id="1186">
							<width>1401</width>
							<height>1</height>
							<texture colordiffuse="$VAR[ThemeLabelColor]">new_pvr/osd_line_white.png</texture>
						</control>
						<control type="radiobutton" id="1166">
							<include>SettingsButtonCommonValues</include>
							<label>Disable floor image</label>
							<onclick>Skin.ToggleSetting(Disable.Settings.Floor.image)</onclick>
							<selected>!Skin.HasSetting(Disable.Settings.Floor.image)</selected>
						</control>
						<control type="radiobutton" id="1021">
							<include>SettingsButtonCommonValues</include>
							<label>$LOCALIZE[31469]</label>
							<onclick>Skin.ToggleSetting(Disable.TopBar)</onclick>
							<selected>Skin.HasSetting(Disable.TopBar)</selected>
						</control>
					</control>

<!-- Dialog panels -->

					<control type="grouplist" id="9021">
						<left>437</left>
						<top>32</top>
						<width>1401</width>
						<height>810</height>
						<pagecontrol>60</pagecontrol>
						<onleft>9000</onleft>
						<onright>60</onright>
						<onup>9005</onup>
						<ondown>9005</ondown>
						<visible>Container(9000).HasFocus(23)</visible>
						<control type="label" id="1164">
							<include>SettingsButtonCommonValues</include>
							<label>Dialog Back Panel Settings</label>
							<textcolor>$VAR[ThemeHomeLabelColor]</textcolor>
						</control>
						<control type="image" id="1165">
							<width>1401</width>
							<height>1</height>
							<texture colordiffuse="$VAR[ThemeLabelColor]">new_pvr/osd_line_white.png</texture>
						</control>
						<control type="button" id="1139">
							<include>SettingsButtonCommonValues</include>
							<label>Set dialog back panel (local)</label>
							<onclick>Skin.SetImage(List.Panel.Back)</onclick>
						</control>
						<control type="button" id="1140">
							<include>SettingsButtonCommonValues</include>
							<label>Set dialog back panel (url or file path)</label>
							<onclick>Skin.SetString(List.Panel.Back)</onclick>
						</control>
						<control type="button" id="1141">
							<include>SettingsButtonCommonValues</include>
							<label>Set dialog back panel (server images)</label>
							<onclick>Skin.SetImage(List.Panel.Back,http://kodicustombuilds.com/list_panel_back/)</onclick>
						</control>
						<control type="button" id="1142">
							<include>SettingsButtonCommonValues</include>
							<label>$LOCALIZE[13007]</label>
							<onclick>Skin.Reset(List.Panel.Back)</onclick>
						</control>
						<control type="image" id="1143">
							<width>1401</width>
							<height>1</height>
							<texture colordiffuse="$VAR[ThemeLabelColor]">new_pvr/osd_line_white.png</texture>
						</control>
						<control type="button" id="1168">
							<include>SettingsButtonCommonValues</include>
							<label>Current image path - </label>
							<label2>[COLOR $VAR[ThemeLabelColor]]$INFO[Skin.String(List.Panel.Back)][/COLOR]</label2>
							<visible>!String.IsEmpty(Skin.String(List.Panel.Back))</visible>
						</control>
						<control type="button" id="1169">
							<include>SettingsButtonCommonValues</include>
							<label>Current image path - </label>
							<label2>[COLOR $VAR[ThemeLabelColor]]$LOCALIZE[571][/COLOR]</label2>
							<visible>String.IsEmpty(Skin.String(List.Panel.Back))</visible>
						</control>
					</control>


<!-- Dialog panels -->

					<control type="grouplist" id="9022">
						<left>437</left>
						<top>32</top>
						<width>1401</width>
						<height>810</height>
						<pagecontrol>60</pagecontrol>
						<onleft>9000</onleft>
						<onright>60</onright>
						<onup>9005</onup>
						<ondown>9005</ondown>
						<visible>Container(9000).HasFocus(24)</visible>
						<control type="label" id="1164">
							<include>SettingsButtonCommonValues</include>
							<label>Home Menu Music Settings</label>
							<textcolor>$VAR[ThemeHomeLabelColor]</textcolor>
						</control>
						<control type="radiobutton" id="1118">
							<include>SettingsButtonCommonValues</include>
							<label>31997</label>
							<onclick>Skin.ToggleSetting(melodyHome)</onclick>
							<onclick condition="!System.hasAddon(plugin.barroni.thememusic)">InstallAddon(plugin.barroni.thememusic)</onclick>
							<selected>!Skin.HasSetting(melodyHome)</selected>
						</control>
						<control type="button" id="1019">
							<width>1316</width>
							<height>90</height>
							<textoffsetx>30</textoffsetx>
							<font>font15</font>
							<label>-$LOCALIZE[31998]</label>
							<visible>Skin.HasSetting(melodyHome)</visible>
							<label2>[COLOR themecolor]$INFO[Skin.String(melodyPlaylist)][/COLOR]</label2>
							<onclick>Skin.SetFile(melodyPlaylist,.m3u)</onclick>
						</control>
						<control type="button" id="1020">
							<width>1316</width>
							<height>90</height>
							<textoffsetx>30</textoffsetx>
							<font>font15</font>
							<label>-$LOCALIZE[31999]</label>
							<visible>Skin.HasSetting(melodyHome) + Skin.String(melodyPlaylist)</visible>
							<onclick>Skin.Reset(melodyPlaylist)</onclick>
						</control>
						<control type="image" id="1165">
							<width>1401</width>
							<height>1</height>
							<texture colordiffuse="$VAR[ThemeLabelColor]">new_pvr/osd_line_white.png</texture>
						</control>
					</control>
				</control>
				
<!--Removed textbox for now-->
				
<!-- 				<control type="textbox">
					<include>SettingsTextboxValues</include>
					<label>$VAR[SkinSettingsDescriptionVar]</label>
					<autoscroll time="3000" delay="4000" repeat="5000">true</autoscroll>
					<animation effect="fade" start="0" end="100" time="300" tween="sine" easing="inout">Visible</animation>
					<animation effect="fade" start="100" end="0" time="0" tween="sine" easing="inout">Hidden</animation>
					<visible>ControlGroup(9010).HasFocus() + !Window.IsActive(1140) + !Window.IsActive(1117)</visible>
				</control> -->
			</control>
		</control>
		<control type="group">
			<left>-440</left>
			<include>SideBladeLeft</include>
			<control type="grouplist" id="9050">
				<include>NoMediaMenu</include>
			</control>
			<include>MediaMenuPlayerControls</include>
		</control>
	</controls>
</window>
