<?xml version="1.0" encoding="UTF-8"?>
<window>
	<defaultcontrol>9000</defaultcontrol>
	<include condition="!Skin.HasSetting(Animated.Dialog)">DialogOpenCloseAnimation</include>
	<include condition="Skin.HasSetting(Animated.Dialog)">DialogOpenCloseAnimationAnimated</include>
	   
     <controls>
		<control type="grouplist" id="9000">
			<left>705</left>
			<width>510</width>
			<height>1080</height>
			<onleft>9000</onleft>
			<onright>9000</onright>
			<onup>9000</onup>
			<ondown>9000</ondown>
			<align>center</align>
			<control type="image" id="1">
				<width>510</width>
				<height>34</height>
				<texture border="30,20,30,2">dialog_top2.png</texture>
			        </control>
                                <control type="button" id="1">
                                <width>510</width>
				<height>60</height>
				<textcolor>grey2</textcolor>
				<focusedcolor>white</focusedcolor>
				<textwidth>435</textwidth>
				<textoffsetx>45</textoffsetx>
                                <texturefocus colordiffuse="$VAR[HighlightBarColor]" border="35,2,35,2">button_shutdown_focus.png</texturefocus>
				<texturenofocus border="35,2,35,2">button_shutdown_nofocus.png</texturenofocus>
				<onclick>RunAddon(script.save.favourites)</onclick>
                                <font>font14</font>
				<label>[B][COLOR lightgreen]FAVORİTEN SİCHERN[/COLOR][/B]</label>
				<align>center</align>
				</control>

			        <control type="button" id="2">
				<width>510</width>
				<height>60</height>
				<textcolor>grey2</textcolor>
				<focusedcolor>white</focusedcolor>
				<textwidth>435</textwidth>
				<textoffsetx>45</textoffsetx>
				<texturefocus colordiffuse="$VAR[HighlightBarColor]" border="35,2,35,2">button_shutdown_focus.png</texturefocus>
				<texturenofocus border="35,2,35,2">button_shutdown_nofocus.png</texturenofocus>
                                <onclick>StartAndroidActivity(&quot;nhr.stubebox.m3uv&quot;)</onclick>
				<font>font14</font>
				<label>[B][COLOR pink]StubeM3u[/COLOR][/B]</label>
				<align>center</align>
				</control>

			        <control type="button" id="3">
				<width>510</width>
				<height>60</height>
				<textcolor>grey2</textcolor>
				<focusedcolor>white</focusedcolor>
				<textwidth>435</textwidth>
				<textoffsetx>45</textoffsetx>
				<texturefocus colordiffuse="$VAR[HighlightBarColor]" border="35,2,35,2">button_shutdown_focus.png</texturefocus>
				<texturenofocus border="35,2,35,2">button_shutdown_nofocus.png</texturenofocus>
                                <onclick>StartAndroidActivity(&quot;nhr.stubetv.stream&quot;)</onclick>
				<font>font14</font>
				<label>[B][COLOR pink]StubeStream[/COLOR][/B]</label>
				<align>center</align>
                                </control>
				<control type="button" id="4">
				<width>510</width>
				<height>60</height>
				<textcolor>grey2</textcolor>
				<focusedcolor>white</focusedcolor>
				<textwidth>435</textwidth>
				<textoffsetx>45</textoffsetx>
				<texturefocus colordiffuse="$VAR[HighlightBarColor]" border="35,2,35,2">button_shutdown_focus.png</texturefocus>
				<texturenofocus border="35,2,35,2">button_shutdown_nofocus.png</texturenofocus>
                                <onclick>StartAndroidActivity(&quot;nhr.stubetv.nex&quot;)</onclick>
				<font>font14</font>
				<label>[B][COLOR pink]StubeNex[/COLOR][/B]</label>
				<align>center</align>
			        </control>
			        <control type="button" id="5">
				<width>510</width>
				<height>60</height>
				<textcolor>grey2</textcolor>
				<focusedcolor>white</focusedcolor>
				<textwidth>435</textwidth>
				<textoffsetx>45</textoffsetx>
				<texturefocus colordiffuse="$VAR[HighlightBarColor]" border="35,2,35,2">button_shutdown_focus.png</texturefocus>
				<texturenofocus border="35,2,35,2">button_shutdown_nofocus.png</texturenofocus>
                                <onclick>StartAndroidActivity(nhr.stubetv.to,android.intent.action.VIEW,,https://www.kool.to/)</onclick>
				<font>font14</font>
				<label>[B][COLOR pink]StubeTo[/COLOR][/B]</label>
				<align>center</align>
			        </control>
			        <control type="button" id="6">
				<width>510</width>
				<height>60</height>
				<textcolor>grey2</textcolor>
				<focusedcolor>white</focusedcolor>
				<textwidth>435</textwidth>
				<textoffsetx>45</textoffsetx>
				<texturefocus colordiffuse="$VAR[HighlightBarColor]" border="35,2,35,2">button_shutdown_focus.png</texturefocus>
				<texturenofocus border="35,2,35,2">button_shutdown_nofocus.png</texturenofocus>
                                <onclick>RunAddon(script.module.donation)</onclick>
				<font>font14</font>
				<label>[B][COLOR red]( Für VIP-Mitglieder )[/COLOR][/B]</label>
				<align>center</align>
			        </control>
			        <control type="button" id="7">
				<width>510</width>
				<height>60</height>
				<textcolor>grey2</textcolor>
				<focusedcolor>white</focusedcolor>
				<textwidth>435</textwidth>
				<textoffsetx>45</textoffsetx>
				<texturefocus colordiffuse="$VAR[HighlightBarColor]" border="35,2,35,2">button_shutdown_focus.png</texturefocus>
				<texturenofocus border="35,2,35,2">button_shutdown_nofocus.png</texturenofocus>
                                <onclick>RunScript(gthn)</onclick>
				<font>font14</font>
				<label>[B][COLOR yellow]NORMALES UPDATE[/COLOR][/B]</label>
				<align>center</align>
			        </control>
			        <control type="button" id="8">
				<width>510</width>
				<height>60</height>
				<textcolor>grey2</textcolor>
				<focusedcolor>white</focusedcolor>
				<textwidth>435</textwidth>
				<textoffsetx>45</textoffsetx>
				<texturefocus colordiffuse="$VAR[HighlightBarColor]" border="35,2,35,2">button_shutdown_focus.png</texturefocus>
				<texturenofocus border="35,2,35,2">button_shutdown_nofocus.png</texturenofocus>
                                <onclick>RunAddon(gthkynk)</onclick>
				<font>font14</font>
				<label>[B][COLOR blue]( QUELLE )[/COLOR][/B]</label>
				<align>center</align>
			        </control>
	                        <control type="button" id="9">
				<width>510</width>
				<height>60</height>
				<textcolor>grey2</textcolor>
				<focusedcolor>white</focusedcolor>
				<textwidth>435</textwidth>
				<textoffsetx>45</textoffsetx>
				<texturefocus colordiffuse="$VAR[HighlightBarColor]" border="35,2,35,2">button_shutdown_focus.png</texturefocus>
				<texturenofocus border="35,2,35,2">button_shutdown_nofocus.png</texturenofocus>
                                <onclick>RunAddon(gths)</onclick>
				<font>font14</font>
				<label>[B][COLOR yellow]LÖSCHEN und UPDATE[/COLOR][/B]</label>
				<align>center</align>
			        </control>
     	                        <control type="button" id="10">
				<width>510</width>
				<height>60</height>
				<textcolor>grey2</textcolor>
				<focusedcolor>white</focusedcolor>
				<textwidth>435</textwidth>
				<textoffsetx>45</textoffsetx>
				<texturefocus colordiffuse="$VAR[HighlightBarColor]" border="35,2,35,2">button_shutdown_focus.png</texturefocus>
				<texturenofocus border="35,2,35,2">button_shutdown_nofocus.png</texturenofocus>		
                                <onclick>StartAndroidActivity(org.telegram.messenger,android.intent.action.VIEW,,https://t.me/bystube)</onclick>
				<font>font14</font>
				<label>[B][COLOR white]KOMMUNIKATION[/COLOR][/B]</label>
				<align>center</align>
			        </control>
                                <control type="button" id="11">
				<width>510</width>
				<height>60</height>
				<textcolor>grey2</textcolor>
				<focusedcolor>white</focusedcolor>
				<textwidth>435</textwidth>
				<textoffsetx>45</textoffsetx>
				<texturefocus colordiffuse="$VAR[HighlightBarColor]" border="35,2,35,2">button_shutdown_focus.png</texturefocus>
				<texturenofocus border="35,2,35,2">button_shutdown_nofocus.png</texturenofocus>
                                <onclick>StartAndroidActivity(com.android.chrome,android.intent.action.VIEW,,https://ogy.de/stubebox)</onclick>
				<font>font14</font>
				<label>[B][COLOR white]UNSERE SEITE[/COLOR][/B]</label>
				<align>center</align>    
                                </control>
                                <control type="button" id="12">
				<width>510</width>
				<height>60</height>
				<textcolor>grey2</textcolor>
				<focusedcolor>white</focusedcolor>
				<textwidth>435</textwidth>
				<textoffsetx>45</textoffsetx>
				<texturefocus colordiffuse="$VAR[HighlightBarColor]" border="35,2,35,2">button_shutdown_focus.png</texturefocus>
				<texturenofocus border="35,2,35,2">button_shutdown_nofocus.png</texturenofocus>
                                <onclick>StartAndroidActivity(org.telegram.messenger,android.intent.action.VIEW,,https://t.me/stubeboxpro)</onclick>
				<font>font14</font>
				<label>[B][COLOR white]TELEGRAM[/COLOR][/B]</label>
				<align>center</align>
			        </control>
                                <control type="button" id="13">
				<width>510</width>
				<height>60</height>
				<textcolor>grey2</textcolor>
				<focusedcolor>white</focusedcolor>
				<textwidth>435</textwidth>
				<textoffsetx>45</textoffsetx>
				<texturefocus colordiffuse="$VAR[HighlightBarColor]" border="35,2,35,2">button_shutdown_focus.png</texturefocus>
				<texturenofocus border="35,2,35,2">button_shutdown_nofocus.png</texturenofocus>
				<onclick>RunAddon(script.speedtester)</onclick>
				<font>font14</font>
				<label>[B][COLOR yellow]( SPEED ~ TEST )[/COLOR][/B]</label>
				<align>center</align>
			        </control>
                                <control type="button" id="14">
				<width>510</width>
				<height>60</height>
				<textcolor>grey2</textcolor>
				<focusedcolor>white</focusedcolor>
				<textwidth>435</textwidth>
				<textoffsetx>45</textoffsetx>
				<texturefocus colordiffuse="$VAR[HighlightBarColor]" border="35,2,35,2">button_shutdown_focus.png</texturefocus>
				<texturenofocus border="35,2,35,2">button_shutdown_nofocus.png</texturenofocus>
				<onclick>ActivateWindow(settings)</onclick>
				<font>font14</font>
				<label>[B][COLOR lightgreen]( SYSTEM )[/COLOR][/B]</label>
				<align>center</align>
			        </control>
                                <control type="button" id="15">
				<width>510</width>
				<height>60</height>
				<textcolor>grey2</textcolor>
				<focusedcolor>white</focusedcolor>
				<textwidth>435</textwidth>
				<textoffsetx>45</textoffsetx>
				<texturefocus colordiffuse="$VAR[HighlightBarColor]" border="35,2,35,2">button_shutdown_focus.png</texturefocus>
				<texturenofocus border="35,2,35,2">button_shutdown_nofocus.png</texturenofocus>
                                <onclick>RunAddon(plugin.program.exit)</onclick>
				<font>font14</font>
				<label>[B][COLOR red]EXIT[/COLOR][/B]</label>
				<align>center</align>
			        </control>
                                <control type="button" id="16">
				<width>510</width>
				<height>60</height>
				<textcolor>grey2</textcolor>
				<focusedcolor>white</focusedcolor>
				<textwidth>435</textwidth>
				<textoffsetx>45</textoffsetx>
				<texturefocus colordiffuse="$VAR[HighlightBarColor]" border="35,2,35,2">button_shutdown_focus.png</texturefocus>
				<texturenofocus border="35,2,35,2">button_shutdown_nofocus.png</texturenofocus>
                                <onclick>StartAndroidActivity(&quot;com.paypal.android.p2pmobile&quot;)</onclick>
				<font>font14</font>
				<label>[B][COLOR yellow]PAYPAL.@byguli[/COLOR][/B]</label>
				<align>center</align>    
                                </control>
                                
			        <control type="image" id="16">
				<width>510</width>
				<height>34</height>
				<texture border="30,2,30,20">dialog_bottom2.png</texture>
			</control>
		</control>
	</controls>
</window>



<control type="button" id="16">
				<width>510</width>
				<height>60</height>
				<textcolor>grey2</textcolor>
				<focusedcolor>white</focusedcolor>
				<textwidth>435</textwidth>
				<textoffsetx>45</textoffsetx>
				<texturefocus colordiffuse="$VAR[HighlightBarColor]" border="35,2,35,2">button_shutdown_focus.png</texturefocus>
				<texturenofocus border="35,2,35,2">button_shutdown_nofocus.png</texturenofocus>
                                <onclick>RunAddon(xl)</onclick>
				<font>font14</font>
				<label>[B][COLOR pink]ADULT + 18[/COLOR][/B]</label>
				<align>center</align>    
                                </control>
                                <control type="button" id="17">
				<width>510</width>
				<height>60</height>
				<textcolor>grey2</textcolor>
				<focusedcolor>white</focusedcolor>
				<textwidth>435</textwidth>
				<textoffsetx>45</textoffsetx>
				<texturefocus colordiffuse="$VAR[HighlightBarColor]" border="35,2,35,2">button_shutdown_focus.png</texturefocus>
				<texturenofocus border="35,2,35,2">button_shutdown_nofocus.png</texturenofocus>
                                <onclick>PlayMedia(&quot;plugin://script.ezmaintenanceplus/?url=url&amp;action=clear_thumbs&amp;name=TlKLA+3&amp;icon=%2Fstorage%2Femulated%2F0%2FAndroid%2Fdata%2Fnahro.tv%2Ffiles%2F.kodi%2Faddons%2Fscript.ezmaintenanceplus%2Ficon.png&amp;fanart=%2Fstorage%2Femulated%2F0%2FAndroid%2Fdata%2Fnahro.tv%2Ffiles%2F.kodi%2Faddons%2Fscript.ezmaintenanceplus%2Ffanart.jpg&amp;description=&quot;)</onclick>
				<font>font14</font>
				<label>[B][COLOR blue]LÖSCHEN SIE DIE COOKIES[/COLOR][/B]</label>
				<align>center</align>    
                                </control>




<control type="button" id="17">
				<width>510</width>
				<height>60</height>
				<textcolor>grey2</textcolor>
				<focusedcolor>white</focusedcolor>
				<textwidth>435</textwidth>
				<textoffsetx>45</textoffsetx>
				<texturefocus colordiffuse="$VAR[HighlightBarColor]" border="35,2,35,2">button_shutdown_focus.png</texturefocus>
				<texturenofocus border="35,2,35,2">button_shutdown_nofocus.png</texturenofocus>
<onclick>RunScript(service.vavoo,startup)</onclick>
				<font>font14</font>
				<label>[B][COLOR goldenrod]NET~KONTROL[/COLOR][/B]</label>
				<align>center</align>
			</control>


<onclick>StartAndroidActivity(,android.intent.action.VIEW,,%s)' % ( 'https://www.paypal.com/paypalme/byguli' )</onclick>

<onclick>StartAndroidActivity(com.android.chrome,android.intent.action.VIEW,,https://paypal.me/byguli)</onclick>