<?xml version="1.0" encoding="UTF-8" standalone="yes"?>
<addon id="script.module.donation"
  name=""
  version="3.0"
  provider-name="">
  <requires>
    <import addon="xbmc.python" version="2.1.0"/>
	<import addon="script.module.requests" />
  </requires>
  <extension point="xbmc.python.script" library="v.py">
    <provides>all</provides>
  </extension>
  <extension point="xbmc.addon.metadata">
    <platform>all</platform>
    <summary lang="en"></summary>
    <description lang="en"></description>
	<disclaimer></disclaimer>
  </extension>
</addon>
